n5-0007-明るい-あかるい	밝다, 명랑하다
n5-0017-あそこ-あそこ	저기, 저곳
n5-0081-うち-うち	집, 우리 집
n5-0110-伯父-叔父さん-おじさん	삼촌, 아저씨
n5-0111-おじいさん-おじいさん	할아버지
n5-0122-おととし-おととし	재작년
n5-0129-おばあさん-おばあさん	할머니
n5-0131-お弁当-おべんとう	도시락
n5-0183-カレー-カレー	카레
n5-0229-グラム-グラム	그램
n5-0260-コップ-コップ	컵, 유리컵
n5-0266-コピーする-コピーする	복사하다
n4-0008-鳴る-なる	소리가 나다, 울리다
n4-0012-沸く-わく	끓다
n4-0017-医学-いがく	의학
n4-0020-折る-おる	꺾다, 접다, 부러뜨리다
n4-0026-壊す-こわす	부수다, 고장 내다
n4-0029-オートバイ-オートバイ	오토바이
n4-0034-大学生-だいがくせい	대학생
n4-0035-運転手-うんてんしゅ	운전기사
n4-0036-予習-よしゅう	예습
n4-0040-お宅-おたく	댁(상대방의 집)
n4-0041-柔らかい-やわらかい	부드럽다
n4-0042-拾う-ひろう	줍다
n4-0053-うん-うん	응, 그래
n4-0062-今度-こんど	이번, 다음번
n4-0069-大事-だいじ	중요함, 소중함
n4-0070-贈り物-おくりもの	선물
n4-0077-そう-そう	그래, 정말, 맞아
n4-0078-通る-とおる	지나가다, 통과하다
n4-0080-レポート-リポート-レポート-リポート	리포트, 보고서
n4-0087-ガラス-ガラス	유리
n4-0101-中学校-ちゅうがっこう	중학교
n4-0105-アルバイト-アルバイト	아르바이트
n4-0107-致す-いたす	하다(겸양어)
n4-0118-時代-じだい	시대, 시기
n4-0123-迎える-むかえる	맞이하다, 마중하다
n4-0136-畳-たたみ	다다미
n4-0130-寄る-よる	들르다
n4-0131-決まる-きまる	정해지다
n4-0134-だから-だから	그래서, 그러므로
n4-0156-頑張る-がんばる	열심히 하다, 노력하다
n4-0147-人形-にんぎょう	인형
n4-0153-用事-ようじ	볼일, 용무
n4-0157-投げる-なげる	던지다
n4-0160-受ける-うける	받다, (시험을) 치르다
n4-0170-無くなる-なくなる	없어지다, 사라지다
n4-0175-林-はやし	수풀, 숲
n4-0177-痩せる-やせる	살이 빠지다
n4-0193-連絡-れんらく	연락, 연결
n4-0196-昔-むかし	옛날, 과거
n4-0198-捨てる-すてる	버리다
n4-0199-なさる-なさる	하시다(존경어)
n4-0201-どんどん-どんどん	점점, 자꾸자꾸
n4-0202-試合-しあい	시합, 경기
n4-0203-適当-てきとう	적당함, 적절함
n4-0205-美術館-びじゅつかん	미술관
n4-0221-水道-すいどう	수도, 상수도
n4-0228-辞典-じてん	사전
n4-0230-立てる-たてる	세우다
n4-0231-くれる-くれる	(나에게) 주다
n4-0235-いただく-頂く	받다/먹다(겸양어)
n4-0238-答-こたえ	답, 대답
n4-0241-受付-うけつけ	접수처, 접수
n4-0244-増える-ふえる	늘어나다, 증가하다
n4-0246-けがする-けがする	다치다, 부상을 입다
n4-0247-以下-いか	이하
n4-0256-確か-たしか	확실함, 분명함; 아마
n4-0260-以内-いない	이내
n4-0261-予定-よてい	예정, 일정, 계획
n4-0262-オーバー-オーバー	오버코트; 초과, 과장
n4-0263-乾く-かわく	마르다, 건조해지다
n4-0267-細かい-こまかい	잘다, 세세하다
n4-0268-塗る-ぬる	칠하다, 바르다
n4-0271-用-よう	용무, 볼일
n4-0272-公務員-こうむいん	공무원
n4-0286-育てる-そだてる	키우다, 기르다
n4-0287-味噌-みそ	된장
n4-0290-案内-あんないする	안내
n4-0292-連れる-つれる	데리고 가다, 동반하다
n4-0295-下宿-げしゅく	하숙
n4-0300-法律-ほうりつ	법률
n4-0305-おる-おる	있다(겸양어)
n4-0306-申す-もうす	말씀드리다(겸양어)
n4-0310-泊まる-とまる	묵다, 숙박하다
n4-0312-今夜-こんや	오늘 밤
n4-0320-急行-きゅうこう	급행(열차/버스)
n4-0330-冷房-れいぼう	냉방
n4-0332-遠慮-えんりょする	사양, 삼감
n4-0334-科学-かがく	과학
n4-0336-差し上げる-さしあげる	드리다(겸양어)
n4-0337-気持ち-きもち	기분, 느낌
n4-0342-入学-にゅうがくする	입학
n4-0343-片付ける-かたづける	정리하다, 치우다
n4-0344-写す-うつす	베끼다, 사진을 찍다
n4-0347-火事-かじ	화재
n4-0356-着物-きもの	기모노
n4-0358-暮れる-くれる	(날이) 저물다
n4-0359-釣る-つる	낚다, 낚시하다
n4-0361-打つ-うつ	치다, 때리다
n4-0367-米-こめ	쌀
n4-0371-伺う-うかがう	여쭙다, 찾아뵙다(겸양어)
n4-0372-再来週-さらいしゅう	다다음 주
n4-0375-最近-さいきん	최근, 요즘
n4-0388-電灯-でんとう	전등
n4-0400-空く-あく	비다, (자리가) 나다
n4-0406-是非-ぜひ	꼭, 부디
n4-0407-裏-うら	뒷면, 뒤
n4-0408-為-ため	위함, ~때문에
n4-0421-音-おと	소리
n4-0424-遠く-とおく	멀리, 먼 곳
n4-0429-返事-へんじ	답장, 대답
n4-0433-お金持ち-かねもち-おかねもち	부자
n4-0439-以上-いじょう	이상; 이상으로 끝
n4-0442-プレゼント-プレゼント	선물
n4-0445-帰り-かえり	돌아옴, 귀가
n4-0446-具合-ぐあい	상태, 컨디션
n4-0447-堅-硬-固い-かたい	단단하다, 딱딱하다
n4-0448-駐車場-ちゅうしゃじょう	주차장
n4-0449-スーツ-スーツ	정장, 슈트
n4-0450-危険-きけん	위험
n4-0454-間-あいだ	사이, 간격
n4-0457-枝-えだ	나뭇가지
n4-0458-専門-せんもん	전문, 전공
n4-0462-騒ぐ-さわぐ	떠들다, 소란 피우다
n4-0463-尋ねる-たずねる	묻다, 질문하다
n4-0469-指輪-ゆびわ	반지
n4-0470-田舎-いなか	시골
n4-0472-高校生-こうこうせい	고등학생
n4-0476-忘れ物-わすれもの	잊은 물건, 분실물
n4-0477-下りる-おりる	내려가다, 내리다
n4-0482-高校-高等学校-こうこう-こうとうがっこう	고등학교
n4-0485-暖房-だんぼう	난방
n4-0488-寺-てら	절, 사찰
n4-0489-慣れる-なれる	익숙해지다
n4-0490-普通-ふつう	보통, 평범함
n4-0492-なるほど-なるほど	과연, 그렇구나
n4-0495-お子さん-おこさん	(남의) 자녀
n4-0496-会場-かいじょう	행사장, 회장
n4-0500-光-ひかり	빛
n4-0504-ご存じ-ごぞんじ	아심, 알고 계심
n4-0506-字-じ	글자, 문자
n4-0508-褒める-ほめる	칭찬하다
n4-0512-合う-あう	맞다, 어울리다
n4-0514-最後-さいご	마지막, 최후
n4-0520-汽車-きしゃ	기차(증기 기관차)
n4-0523-召し上がる-めしあがる	드시다(존경어)
n4-0524-太る-ふとる	살이 찌다
n4-0530-安心-あんしん	안심, 안도
n4-0533-直す-なおす	고치다, 바로잡다
n4-0537-世話-せわする	보살핌, 돌봄
n4-0539-将来-しょうらい	장래, 미래
n4-0544-習慣-しゅうかん	습관, 관습
n4-0547-冷える-ひえる	차가워지다, 식다
n4-0549-この間-このあいだ	요전, 지난번
n4-0551-続ける-つづける	계속하다, 지속하다
n4-0552-落す-おとす	떨어뜨리다, 잃다
n4-0555-拝見-はいけんする	삼가 봄(겸양어)
n4-0556-割れる-われる	깨지다, 갈라지다
n4-0557-背中-せなか	등
n4-0562-おっしゃる-おっしゃる	말씀하시다(존경어)
n4-0564-濡れる-ぬれる	젖다
n4-0565-倒れる-たおれる	쓰러지다, 무너지다
n4-0569-向かう-むかう	향하다, ~로 가다
n4-0571-仕方-しかた	방법, 방식
n4-0573-程-ほど	정도, 만큼
n4-0576-工業-こうぎょう	공업
n4-0598-警察-けいさつ	경찰, 경찰서
n4-0585-動く-うごく	움직이다, 작동하다
n4-0589-優しい-やさしい	상냥하다, 다정하다; (문제가) 쉽다
n4-0591-植える-うえる	심다
n3-0005-冷める-さめる	식다
n3-0007-左右-さゆう	좌우; 좌지우지함
n3-0008-皿-さら	접시
n3-0010-去る-さる	떠나다, 사라지다
n3-0014-参考-さんこう	참고, 참조
n3-0015-賛成-さんせい	찬성
n3-0028-時期-じき	시기, 때
n3-0029-支給-しきゅう	지급, 수당
n3-0030-至急-しきゅう	긴급, 시급
n3-0049-親しい-したしい	친하다, 가깝다
n3-0057-実施-じっし	실시, 시행
n3-0063-実力-じつりょく	실력, 역량
n3-0064-支店-してん	지점, 지사
n3-0069-支配-しはい	지배, 통제
n3-0070-芝居-しばい	연극, 연기
n3-0076-資本-しほん	자본, 자금
n3-0095-就職-しゅうしょく	취직
n3-0111-首相-しゅしょう	수상, 총리
n3-0112-手段-しゅだん	수단, 방법
n3-0114-出場-しゅつじょう	출전, 참가
n3-0115-出身-しゅっしん	출신
n3-0117-首都-しゅと	수도
n3-0120-需要-じゅよう	수요
n3-0121-種類-しゅるい	종류
n3-0122-順-じゅん	순서, 차례
n3-0124-順調-じゅんちょう	순조로움
n3-0126-使用-しよう	사용
n3-0128-章-しょう	장; 훈장
n3-0132-奨学金-しょうがくきん	장학금
n3-0134-上京-じょうきょう	상경(도쿄로 감)
n3-0137-正午-しょうご	정오
n3-0139-常識-じょうしき	상식
n3-0140-少女-しょうじょ	소녀
n3-0142-症状-しょうじょう	증상
n3-0144-状態-じょうたい	상태, 상황
n3-0145-上達-じょうたつ	(실력) 향상
n3-0148-衝突-しょうとつ	충돌
n3-0151-少年-しょうねん	소년
n3-0152-商売-しょうばい	장사, 사업
n3-0157-情報-じょうほう	정보
n3-0169-食糧-しょくりょう	식량
n3-0101-住宅-じゅうたく	주택, 주거
n3-0150-承認-しょうにん	승인
n3-0170-書斎-しょさい	서재
n3-0177-処理-しょり	처리
n3-0180-尻-しり	엉덩이
n3-0181-知合い-しりあい	아는 사람, 지인
n3-0185-神経-しんけい	신경
n3-0186-真剣-しんけん	진지함
n3-0188-信号-しんごう	신호, 신호등
n3-0189-人工-じんこう	인공
n3-0191-診察-しんさつ	진찰
n3-0192-人種-じんしゅ	인종
n3-0194-人生-じんせい	인생, 삶
n3-0195-親戚-しんせき	친척
n3-0199-身長-しんちょう	키, 신장
n3-0200-慎重-しんちょう	신중함
n3-0202-人物-じんぶつ	인물
n3-0203-進歩-しんぽ	진보, 발전
n3-0204-親友-しんゆう	친한 친구
n3-0205-信用-しんよう	신용, 신뢰
n3-0206-信頼-しんらい	신뢰
n3-0207-心理-しんり	심리
n3-0209-巣-す	둥지
n3-0211-図-ず	그림, 도표
n3-0216-数-すう	수, 숫자
n3-0217-数字-すうじ	숫자
n3-0219-末-すえ	끝, 말
n3-0220-姿-すがた	모습, 자태
n3-0228-過ごす-すごす	(시간을) 보내다, 지내다
n3-0229-筋-すじ	근육; 줄거리; 선
n3-0231-勧める-すすめる	권하다, 추천하다
n3-0233-スタイル-スタイル	스타일
n3-0234-スタンド-スタンド	스탠드
n3-0236-ずっと-ずっと	쭉, 계속; 훨씬
n3-0241-スピーチ-スピーチ	연설, 스피치
n3-0252-すれ違う-すれちがう	스쳐 지나가다, 엇갈리다
n3-0254-正-せい	올바름, 정(正)
n3-0257-姓-せい	성(姓)
n3-0260-性格-せいかく	성격
n3-0263-請求-せいきゅう	청구, 요구
n3-0265-清潔-せいけつ	청결함
n3-0267-成功-せいこう	성공
n3-0269-性質-せいしつ	성질, 성격
n3-0270-精神-せいしん	정신, 마음
n3-0272-精々-せいぜい	기껏해야, 고작
n3-0275-贅沢-ぜいたく	사치, 호화
n3-0279-青年-せいねん	청년, 젊은이
n3-0283-生物-せいぶつ	생물
n3-0285-整理-せいり	정리, 정돈
n3-0289-石油-せきゆ	석유
n3-0294-絶対-ぜったい	절대, 반드시
n3-0295-セット-セット	세트
n3-0296-愛-あい	사랑
n3-0297-相変わらず-あいかわらず	여전히, 변함없이
n3-0298-愛情-あいじょう	애정
n3-0299-合図-あいず	신호, 사인
n3-0302-相手-あいて	상대, 상대방
n3-0307-空き-あき	빈자리, 공간
n3-0308-明らか-あきらか	명백함, 분명함
n3-0310-飽きる-あきる	질리다, 싫증나다
n3-0312-悪魔-あくま	악마
n3-0314-揚げる-あげる	튀기다; 들어 올리다
n3-0315-挙げる-あげる	(예를) 들다, 거론하다
n3-0317-預ける-あずける	맡기다, 예치하다
n3-0321-暖まる-あたたまる	따뜻해지다
n3-0322-温まる-あたたまる	따뜻해지다, 몸을 녹이다
n3-0323-暖める-あたためる	데우다, 따뜻하게 하다
n3-0326-当たり前-あたりまえ	당연함
n3-0328-あちこち-あちこち	여기저기
n3-0330-集まり-あつまり	모임, 집합
n3-0331-当てる-あてる	맞히다; 대다
n3-0332-跡-あと	자국, 흔적
n3-0335-脂-あぶら	지방, 기름
n3-0337-粗-あら	흠, 결점
n3-0341-あらゆる-あらゆる	모든, 온갖
n3-0348-在る-有る-ある	있다, 존재하다
n3-0349-或-ある	어떤, 어느
n3-0355-哀れ-あわれ	가엾음, 불쌍함
n3-0359-安定-あんてい	안정
n3-0362-胃-い	위(장기)
n3-0363-委員-いいん	위원
n3-0365-行き-いき	감, (목적지)행
n3-0366-行き-ゆき	감, (목적지)행
n3-0368-勢い-いきおい	기세, 기운
n3-0369-生き物-いきもの	생물, 생명체
n3-0375-意識-いしき	의식
n3-0376-異常-いじょう	이상, 비정상
n3-0377-意地悪-いじわる	심술궂음, 짓궂음
n3-0378-泉-いずみ	샘, 분수
n3-0379-いずれ-いずれ	어느 것; 머지않아
n3-0381-板-いた	판자, 널빤지
n3-0383-抱く-いだく	(생각·감정을) 품다, 안다
n3-0384-いたずら-いたずら	장난
n3-0387-至る-いたる	이르다, 도달하다
n3-0390-一時-いちじ	한때, 일시적으로
n3-0391-一度に-いちどに	한꺼번에, 동시에
n3-0395-一種-いっしゅ	일종, 한 종류
n3-0398-一層-いっそう	한층, 더욱
n3-0400-一致-いっち	일치
n3-0402-いつのまにか-いつのまにか	어느새
n3-0417-イメージ-イメージ	이미지, 인상
n3-0414-居間-いま	거실
n3-0415-今に-いまに	머지않아, 곧
n3-0423-医療-いりょう	의료
n3-0427-言わば-いわば	말하자면
n3-0428-いわゆる-いわゆる	이른바, 소위
n3-0430-印刷-いんさつ	인쇄
n3-0440-動かす-うごかす	움직이다, 작동시키다
n3-0449-映す-うつす	비추다, 영사하다
n3-0455-馬-うま	말
n3-0464-運-うん	운, 운수
n3-0470-営業-えいぎょう	영업
n3-0481-演技-えんぎ	연기(연극)
n3-0484-演説-えんぜつ	연설
n3-0485-演奏-えんそう	연주
n3-0486-老い-おい	늙음, 노년
n3-0498-大家-おおや	집주인
n3-0500-沖-おき	앞바다
n3-0502-贈る-おくる	선물하다, 수여하다
n3-0504-押える-おさえる	누르다, 억누르다
n3-0506-収める-おさめる	거두다, 납부하다
n3-0507-納める-おさめる	거두다, 납부하다
n3-0511-お喋り-おしゃべり	수다, 잡담
n3-0515-恐ろしい-おそろしい	무섭다, 두렵다
n3-0517-お互い-おたがい	서로, 상호
n3-0530-思い付く-おもいつく	(문득) 생각해 내다, 떠오르다
n3-0533-思わず-おもわず	무심코, 엉겁결에
n3-0535-およそ-およそ	대략, 대체로
n3-0536-及ぼす-およぼす	(영향을) 미치다, 끼치다
n3-0537-下す-おろす	내리다, (판단을) 내리다
n3-0540-音-おん	소리, 음
n3-0544-可-か	가함, 가능
n3-0554-会計-かいけい	회계, 계산
n3-0556-会合-かいごう	회합, 모임
n3-0558-開始-かいし	개시, 시작
n3-0553-海外-かいがい	해외, 외국
n3-0552-絵画-かいが	그림, 회화
n3-0562-快適-かいてき	쾌적함, 편안함
n3-0563-回復-かいふく	회복, 복구
n3-0565-帰す-かえす	돌려보내다
n3-0581-嗅ぐ-かぐ	냄새 맡다
n3-0583-学-がく	학문, 지식
n3-0584-額-がく	금액; 액자
n3-0585-覚悟-かくご	각오, 마음의 준비
n3-0586-確実-かくじつ	확실함
n3-0591-確認-かくにん	확인
n3-0592-学問-がくもん	학문
n3-0594-影-かげ	그늘, 그림자
n3-0595-陰-かげ	그늘, 그림자
n3-0597-加減-かげん	정도, 가감; 조절
n3-0601-火災-かさい	화재
n3-0606-菓子-かし	과자
n3-0610-数-かず	수, 숫자
n3-0612-数える-かぞえる	세다
n3-0613-型-かた	틀, 유형, 모델
n3-0615-堅い-かたい	단단하다, 딱딱하다
n3-0616-硬い-かたい	단단하다, 딱딱하다
n3-0617-方々-かたがた	여러분, 분들
n3-0621-勝ち-かち	승리, 이김
n3-0622-価値-かち	가치, 값어치
n3-0629-活用-かつよう	활용; (문법) 활용
n3-0631-過程-かてい	과정
n3-0633-悲しむ-かなしむ	슬퍼하다, 애도하다
n3-0636-金-かね	돈; 금속
n3-0646-科目-かもく	과목
n3-0650-空-から	빔, 비어 있음
n3-0652-柄-がら	무늬; 몸집; 성품
n3-0655-皮-かわ	껍질, 가죽
n3-0657-可愛そう-かわいそう	불쌍함, 가엾음
n3-0658-可愛らしい-かわいらしい	사랑스럽다, 귀엽다
n3-0662-缶-かん	캔, 깡통
n3-0664-考え-かんがえ	생각, 견해
n3-0665-感覚-かんかく	감각
n3-0667-観客-かんきゃく	관객
n3-0668-環境-かんきょう	환경
n3-0669-歓迎-かんげい	환영
n3-0672-感じ-かんじ	느낌, 인상
n3-0674-患者-かんじゃ	환자
n3-0675-勘定-かんじょう	계산, 셈; 계산서
n3-0677-感じる-かんじる	느끼다
n3-0679-関心-かんしん	관심, 흥미
n3-0682-完全-かんぜん	완전, 완벽
n3-0686-監督-かんとく	감독
n3-0687-管理-かんり	관리, 통제
n3-0688-完了-かんりょう	완료
n3-0689-関連-かんれん	관련, 연관
n3-0694-器械-きかい	기계, 기구
n3-0695-議会-ぎかい	의회, 국회
n3-0697-機関-きかん	기관; 엔진
n3-0698-企業-きぎょう	기업
n3-0701-機嫌-きげん	기분, 심기
n3-0703-岸-きし	기슭, 물가, 해안
n3-0705-記事-きじ	기사, 글
n3-0708-傷-きず	상처, 흠
n3-0710-気体-きたい	기체
n3-0711-帰宅-きたく	귀가
n3-0715-きつい-きつい	꽉 끼다; 고되다
n3-0719-記念-きねん	기념
n3-0721-気の毒-きのどく	딱함, 안됨
n3-0722-寄付-きふ	기부
n3-0723-希望-きぼう	희망, 소망
n3-0724-基本-きほん	기본, 기초
n3-0725-決まり-きまり	규칙, 정해진 것
n3-0729-疑問-ぎもん	의문
n3-0730-逆-ぎゃく	반대, 거꾸로
n3-0734-級-きゅう	급, 등급, 학년
n3-0735-球-きゅう	공, 구체
n3-0736-休暇-きゅうか	휴가
n3-0737-休憩-きゅうけい	휴식
n3-0740-救助-きゅうじょ	구조, 구출
n3-0745-器用-きよう	손재주 있음, 능숙함
n3-0747-競技-きょうぎ	경기, 시합
n3-0750-教授-きょうじゅ	교수
n3-0752-共通-きょうつう	공통
n3-0753-共同-きょうどう	공동
n3-0758-局-きょく	(방송)국, 부서
n3-0762-切れ-きれ	천 조각; 자름
n3-0766-金-きん	금; 돈
n3-0767-銀-ぎん	은
n3-0770-金庫-きんこ	금고
n3-0775-緊張-きんちょう	긴장
n3-0777-金融-きんゆう	금융
n3-0780-偶然-ぐうぜん	우연
n3-0781-臭い-くさい	(고약한) 냄새가 나다
n3-0783-腐る-くさる	썩다, 상하다
n3-0784-癖-くせ	버릇, 습관
n3-0786-具体-ぐたい	구체적임
n3-0787-下り-くだり	하행(도쿄에서 멀어지는 방향)
n3-0789-苦痛-くつう	고통
n3-0790-ぐっすり-ぐっすり	푹 (잠듦)
n3-0792-組-くみ	조, 반, 팀
n3-0794-組む-くむ	짜다, 엮다
n3-0795-汲む-くむ	(물을) 푸다, 긷다
n3-0796-酌む-くむ	(술을) 따르다
n3-0797-悔しい-くやしい	분하다, 억울하다
n3-0798-位-くらい	지위, 등급; 정도
n3-0799-暮らし-くらし	생활, 살림
n3-0800-クラシック-クラシック	클래식
n3-0802-グラス-グラス	유리잔, 글라스
n3-0803-グランド-グランド	그라운드, 운동장
n3-0805-繰り返す-くりかえす	반복하다, 되풀이하다
n3-0811-暮れ-くれ	(해)질 무렵; 연말
n3-0812-苦労-くろう	고생, 수고
n3-0813-加える-くわえる	더하다, 보태다
n3-0816-加わる-くわわる	더해지다, 참가하다
n3-0818-軍-ぐん	군, 군대
n3-0821-訓練-くんれん	훈련
n3-0823-計-けい	합계; 계획
n3-0824-敬意-けいい	경의, 존경
n3-0825-経営-けいえい	경영
n3-0826-景気-けいき	경기(경제 상황)
n3-0827-傾向-けいこう	경향, 추세
n3-0830-掲示-けいじ	게시
n3-0832-芸術-げいじゅつ	예술
n3-0833-契約-けいやく	계약
n3-0834-経由-けいゆ	경유
n3-0837-劇-げき	연극, 극
n3-0844-結局-けっきょく	결국
n3-0845-決心-けっしん	결심
n3-0848-欠点-けってん	결점, 약점
n3-0850-煙-けむり	연기
n3-0859-検査-けんさ	검사, 점검
n3-0860-現在-げんざい	현재, 지금
n3-0863-現状-げんじょう	현 상태, 현황
n3-0864-建設-けんせつ	건설
n3-0865-現代-げんだい	현대
n3-0866-建築-けんちく	건축
n3-0867-見当-けんとう	짐작, 어림
n3-0868-検討-けんとう	검토
n3-0869-現場-げんば	현장
n3-0870-憲法-けんぽう	헌법
n3-0871-権利-けんり	권리
n3-0874-恋-こい	사랑, 연애
n3-0876-恋人-こいびと	연인, 애인
n3-0878-講演-こうえん	강연
n3-0879-効果-こうか	효과
n3-0881-高価-こうか	고가, 값비쌈
n3-0882-豪華-ごうか	호화로움
n3-0883-合格-ごうかく	합격
n3-0884-交換-こうかん	교환
n3-0886-光景-こうけい	광경, 정경
n3-0887-合計-ごうけい	합계, 총계
n3-0888-攻撃-こうげき	공격
n3-0889-貢献-こうけん	공헌, 기여
n3-0891-交際-こうさい	교제
n3-0894-工場-こうば	공장
n3-0896-構成-こうせい	구성
n3-0897-高速-こうそく	고속
n3-0898-行動-こうどう	행동
n3-0899-強盗-ごうとう	강도
n3-0902-公平-こうへい	공평함, 공정함
n3-0904-考慮-こうりょ	고려
n3-0905-越える-こえる	넘다, 넘어서다
n3-0906-超える-こえる	넘다, 넘어서다
n3-0917-国語-こくご	국어
n3-0921-国民-こくみん	국민
n3-0922-穀物-こくもつ	곡물
n3-0925-個人-こじん	개인
n3-0927-超す-こす	넘다, 넘어서다
n3-0928-国家-こっか	국가
n3-0929-国会-こっかい	국회
n3-0930-国境-こっきょう	국경
n3-0933-琴-こと	고토(일본 현악기)
n3-0934-異なる-ことなる	다르다, 상이하다
n3-0935-諺-ことわざ	속담
n3-0936-断る-ことわる	거절하다, 사양하다
n3-0938-好み-このみ	취향, 기호
n3-0942-塵-ごみ	쓰레기, 먼지
n3-0945-小屋-こや	오두막, 헛간
n3-0948-転ぶ-ころぶ	넘어지다, 구르다
n3-0949-今回-こんかい	이번
n3-0951-混雑-こんざつ	혼잡
n3-0953-困難-こんなん	곤란, 어려움
n3-0958-差-さ	차이
n3-0961-最高-さいこう	최고
n3-0962-財産-ざいさん	재산, 자산
n3-0963-最終-さいしゅう	최종, 마지막
n3-0965-最低-さいてい	최저; 최악
n3-0967-裁判-さいばん	재판
n3-0970-サイン-サイン	사인, 서명; 신호
n3-0971-境-さかい	경계, 갈림길
n3-0972-逆らう-さからう	거스르다, 거역하다
n3-0973-盛り-さかり	한창때, 전성기
n3-0974-作業-さぎょう	작업
n3-0975-裂く-さく	찢다, 가르다
n3-0976-昨-さく	지난, 어제
n3-0977-作品-さくひん	작품
n3-0978-作物-さくもつ	농작물
n3-0981-叫ぶ-さけぶ	외치다, 부르짖다
n3-0983-支える-ささえる	받치다, 지탱하다
n3-0989-射す-さす	(빛이) 비치다
n3-0992-札-さつ	지폐
n3-0994-作曲-さっきょく	작곡
n3-0997-さて-さて	그런데, 자
n3-0999-差別-さべつ	차별
n3-1002-守る-まもる	지키다, 보호하다
n3-1004-丸-まる	동그라미, 원
n3-1007-万一-まんいち	만일, 만약
n3-1009-身-み	몸, 신체
n3-1011-見送り-みおくり	배웅; 보류
n3-1014-ミス-ミス	실수, 미스
n3-1016-密-みつ	빽빽함, 밀접함
n3-1017-認める-みとめる	인정하다, 알아차리다
n3-1020-都-みやこ	수도, 도읍
n3-1021-妙-みょう	묘함, 이상함
n3-1024-魅力-みりょく	매력
n3-1025-診る-みる	진찰하다, 진료하다
n3-1027-無-む	없음, 무(無)
n3-1028-向かい-むかい	맞은편
n3-1030-向く-むく	향하다
n3-1031-剥く-むく	(껍질을) 벗기다, 까다
n3-1042-無料-むりょう	무료
n3-1044-明確-めいかく	명확함
n3-1045-名刺-めいし	명함
n3-1048-名人-めいじん	명인, 달인
n3-1049-命令-めいれい	명령
n3-1050-迷惑-めいわく	민폐, 폐
n3-1057-免許-めんきょ	면허
n3-1059-面倒-めんどう	귀찮음, 성가심
n3-1061-申し込む-もうしこむ	신청하다
n3-1062-申し訳-もうしわけ	변명, 죄송함
n3-1064-燃える-もえる	타다, 불타다
n3-1066-目標-もくひょう	목표
n3-1067-文字-もじ	글자, 문자
n3-1068-文字-もんじ	글자, 문자
n3-1071-持ち上げる-もちあげる	들어 올리다; 치켜세우다
n3-1074-尤も-もっとも	지당함, 당연함
n3-1075-元-もと	근원; 이전, 전(前)
n3-1077-素-もと	본질, 바탕
n3-1078-戻す-もどす	되돌리다, 돌려놓다
n3-1080-求める-もとめる	구하다, 요구하다
n3-1081-者-もの	사람, 자
n3-1083-物語-ものがたり	이야기, 설화
n3-1086-模様-もよう	무늬, 모양
n3-1088-やがて-やがて	이윽고, 머지않아
n3-1089-役-やく	역할, 배역
n3-1090-約-やく	약, 대략
n3-1095-厄介-やっかい	성가심, 귀찮음
n3-1094-家賃-やちん	집세, 임대료
n3-1099-破る-やぶる	찢다; 어기다; 깨뜨리다
n3-1124-陽気-ようき	명랑함, 쾌활함
n2-0126-扇ぐ-あおぐ	부채질하다
n2-0131-飽くまで-あくまで	어디까지나, 끝까지
n2-0134-憧れる-あこがれる	동경하다, 그리워하다
n2-0137-足元-あしもと	발밑
n2-0138-味わう-あじわう	맛보다, 음미하다
n2-0142-あちらこちら-あちらこちら	여기저기
n2-0145-宛名-あてな	(우편) 받는 사람, 수신인
n2-0152-雨戸-あまど	덧문
n2-0151-あふれる-あふれる	넘치다, 흘러넘치다
n2-0165-改める-あらためる	고치다, 바로잡다
n2-0166-あらわす-あらわす	(책을) 쓰다, 저술하다
n2-0168-あれこれ-あれこれ	이것저것
n2-0197-一定-いってい	일정함, 고정됨
n2-0202-移転-いてん	이전, 옮김
n2-0203-井戸-いど	우물
n2-0212-引力-いんりょく	인력, 중력
n2-0210-入れ物-いれもの	그릇, 용기
n2-0183-生け花-いけばな	꽃꽂이
n2-0181-育児-いくじ	육아
n2-0191-一段と-いちだんと	한층 더, 부쩍
n2-0195-一斉-いっせい	일제히
n2-0160-荒い-あらい	거칠다, 난폭하다
n2-0161-粗い-あらい	거칠다, 엉성하다
n2-0207-いよいよ-いよいよ	마침내, 드디어
n2-0249-うんと-うんと	잔뜩, 많이
n2-0218-浮ぶ-うかぶ	뜨다, 떠오르다
n2-0225-薄める-うすめる	희석하다, 묽게 하다
n2-0226-打合せ-うちあわせ	사전 협의, 미팅
n2-0238-恨む-うらむ	원망하다, 한을 품다
n2-0237-恨み-うらみ	원한, 원망
n2-0240-売上-うりあげ	매상, 매출
n2-0241-売り上げ-うりあげ	매상, 매출
n2-0244-売行き-うれゆき	팔림새, 매출
n2-0245-売れ行き-うれゆき	팔림새, 매출
n2-0251-英和-えいわ	영일(영어-일본어)
n2-0252-ええと-ええと	음, 저...
n2-0255-絵の具-えのぐ	그림물감
n2-0258-宴会-えんかい	연회, 잔치
n2-0259-園芸-えんげい	원예
n2-0260-演劇-えんげき	연극
n2-0261-円周-えんしゅう	원주, 둘레
n2-0262-遠足-えんそく	소풍
n2-0277-応用-おうよう	응용
n2-0275-往復-おうふく	왕복
n2-0281-お帰り-おかえり	(어서) 돌아옴; 어서 와요
n2-0286-拝む-おがむ	(두 손 모아) 빌다, 절하다
n2-0287-お代わり-おかわり	(음식) 한 그릇 더, 리필
n2-0293-怠る-おこたる	게을리하다, 소홀히 하다
n2-0296-伯父-おじ	큰아버지, 백부
n2-0297-叔父-おじ	작은아버지, 숙부
n2-0300-小父さん-おじさん	아저씨
n2-0305-落着く-おちつく	안정되다, 차분해지다
n2-0309-落し物-おとしもの	분실물
n2-0310-驚かす-おどろかす	놀라게 하다
n2-0312-各々-おのおの	각각, 제각기
n2-0313-伯母-おば	큰어머니, 백모, 이모/고모
n2-0314-叔母-おば	작은어머니, 숙모, 이모/고모
n2-0317-お参り-おまいり	참배
n2-0322-思い掛けない-おもいがけない	뜻밖의, 의외의
n2-0331-オルガン-オルガン	오르간
n2-0333-恩恵-おんけい	은혜, 혜택
n2-0335-温泉-おんせん	온천
n2-0340-カーブ-カーブ	커브; 곡선
n2-0341-貝-かい	조개
n2-0344-会館-かいかん	회관
n2-0356-解答-かいとう	해답
n2-0357-回答-かいとう	회답, 답변
n2-0358-外部-がいぶ	외부
n2-0359-解放-かいほう	해방
n2-0360-開放-かいほう	개방
n2-0361-海洋-かいよう	해양
n2-0364-家屋-かおく	가옥, 집
n2-0366-書留-かきとめ	등기 우편
n2-0369-限り-かぎり	한, 한도; ~하는 한
n2-0372-各自-かくじ	각자
n2-0374-学術-がくじゅつ	학술
n2-0382-学力-がくりょく	학력, 학업 실력
n2-0383-掛け算-かけざん	곱셈
n2-0384-かけざん-かけざん	곱셈
n2-0385-可決-かけつ	가결, 의결 통과
n2-0387-下降-かこう	하강, 내려감
n2-0395-貸間-かしま	셋방
n2-0398-かしょ-かしょ	(특정) 부분, 곳
n2-0399-過剰-かじょう	과잉, 과다
n2-0419-活字-かつじ	활자
n2-0416-学級-がっきゅう	학급
n2-0415-楽器-がっき	악기
n2-0414-学会-がっかい	학회
n2-0408-塊-かたまり	덩어리
n2-0410-片道-かたみち	편도
n2-0426-鐘-かね	종, 종소리
n2-0427-加熱-かねつ	가열
n2-0429-カバー-カバー	커버, 덮개
n2-0433-釜-かま	가마솥, 솥
n2-0438-ガム-ガム	껌
n2-0440-歌謡-かよう	가요, 노래
n2-0441-殻-から	껍데기, 껍질
n2-0442-カラー-カラー	칼라(깃); 컬러(색)
n2-0443-からかう-からかう	놀리다, 조롱하다
n2-0450-為替-かわせ	환(換), 환어음, 환율
n2-0451-瓦-かわら	기와
n2-0452-間隔-かんかく	간격, 사이
n2-0454-感激-かんげき	감격
n2-0456-元日-がんじつ	설날, 정월 초하루
n2-0457-鑑賞-かんしょう	감상(예술 등)
n2-0458-感ずる-かんずる	느끼다
n2-0460-乾燥-かんそう	건조
n2-0462-観測-かんそく	관측
n2-0465-官庁-かんちょう	관청
n2-0467-乾電池-かんでんち	건전지
n2-0469-観念-かんねん	관념, 개념
n2-0471-看板-かんばん	간판
n2-0472-看病-かんびょう	간병
n2-0474-漢和-かんわ	한일(한자-일본어)
n2-0475-気圧-きあつ	기압
n2-0477-着替える-きがえる	옷을 갈아입다
n2-0478-機関車-きかんしゃ	기관차
n2-0480-器具-きぐ	기구, 도구
n2-0482-記号-きごう	기호, 부호
n2-0492-切っ掛け-きっかけ	계기, 동기
n2-0491-きっかけ-きっかけ	계기, 실마리
n2-0485-基準-きじゅん	기준, 표준
n2-0486-規準-きじゅん	기준, 표준
n2-0490-基地-きち	기지
n2-0495-客席-きゃくせき	객석
n2-0496-客間-きゃくま	객실, 응접실
n2-0499-休業-きゅうぎょう	휴업
n2-0500-休講-きゅうこう	휴강
n2-0501-休息-きゅうそく	휴식
n2-0503-休養-きゅうよう	휴양, 휴식
n2-0504-清い-きよい	맑다, 깨끗하다
n2-0505-強化-きょうか	강화
n2-0508-行事-ぎょうじ	행사
n2-0509-恐縮-きょうしゅく	죄송함, 황송함
n2-0510-教養-きょうよう	교양
n2-0511-行列-ぎょうれつ	행렬, 줄
n2-0512-漁業-ぎょぎょう	어업
n2-0513-曲線-きょくせん	곡선
n2-0514-規律-きりつ	규율, 질서
n2-0515-斬る-きる	(칼로) 베다
n2-0517-琴-きん	고토(일본 현악기)
n2-0520-区域-くいき	구역, 지역
n2-0522-偶数-ぐうすう	짝수
n2-0524-空中-くうちゅう	공중
n2-0526-区切る-くぎる	구분하다, 끊다
n2-0529-苦情-くじょう	불평, 민원
n2-0530-苦心-くしん	고심, 애씀
n2-0531-屑-くず	부스러기, 쓰레기
n2-0532-崩す-くずす	무너뜨리다; (돈을) 헐다
n2-0533-薬指-くすりゆび	약지, 약손가락
n2-0534-崩れる-くずれる	무너지다, 허물어지다
n2-0535-砕く-くだく	부수다, 깨다
n2-0544-くどい-くどい	장황하다; (맛이) 진하다
n2-0545-句読点-くとうてん	구두점
n2-0546-配る-くばる	나누어 주다, 배포하다
n2-0547-工夫-くふう	궁리, 고안
n2-0548-区分-くぶん	구분, 분류
n2-0550-組み立てる-くみたてる	조립하다, 짜다
n2-0552-クリーニング-クリーニング	세탁, 드라이클리닝
n2-0555-郡-ぐん	군(행정구역)
n2-0556-稽古-けいこ	연습, 수련
n2-0557-敬語-けいご	경어, 존댓말
n2-0559-形式-けいしき	형식
n2-0563-系統-けいとう	계통
n2-0561-毛糸-けいと	털실
n2-0566-警備-けいび	경비, 경호
n2-0570-毛皮-けがわ	모피
n2-0571-激増-げきぞう	급증
n2-0572-下車-げしゃ	하차
n2-0573-下旬-げじゅん	하순
n2-0574-下水-げすい	하수
n2-0576-桁-けた	자릿수
n2-0578-血圧-けつあつ	혈압
n2-0579-月給-げっきゅう	월급
n2-0580-傑作-けっさく	걸작
n2-0582-気配-けはい	기색, 낌새
n2-0586-険しい-けわしい	험하다, 가파르다
n2-0588-見学-けんがく	견학
n2-0590-原稿-げんこう	원고
n2-0592-原始-げんし	원시
n2-0594-厳重-げんじゅう	엄중함
n2-0597-限度-げんど	한도, 한계
n2-0600-懸命-けんめい	열심임, 필사적임
n2-0601-原理-げんり	원리
n2-0602-原料-げんりょう	원료
n2-0603-碁-ご	바둑
n2-0607-恋しい-こいしい	그립다
n2-0625-公正-こうせい	공정함
n2-0626-功績-こうせき	공적, 업적
n2-0627-光線-こうせん	광선, 빛줄기
n2-0628-高層-こうそう	고층
n2-0630-交替-こうたい	교대, 교체
n2-0631-交代-こうたい	교대, 교체
n2-0634-校庭-こうてい	교정, 운동장
n2-0635-肯定-こうてい	긍정
n2-0636-高度-こうど	고도; 고도의
n2-0637-高等-こうとう	고등
n2-0638-合同-ごうどう	합동
n2-0639-高等学校-こうとうがっこう	고등학교
n2-0643-項目-こうもく	항목
n2-0644-紅葉-こうよう	단풍
n2-0648-合流-ごうりゅう	합류
n2-0649-効力-こうりょく	효력
n2-0651-国王-こくおう	국왕
n2-0664-擦る-こする	문지르다, 비비다
n2-0665-個体-こたい	개체
n2-0669-コック-コック	요리사; 수도꼭지
n2-0671-古典-こてん	고전
n2-0672-言付ける-ことづける	전언을 부탁하다
n2-0673-言葉遣い-ことばづかい	말씨, 어투
n2-0674-こないだ-こないだ	요전, 지난번
n2-0676-ゴム-ゴム	고무
n2-0677-御免-ごめん	미안함; 사양
n2-0682-御覧-ごらん	보심(존경어)
n2-0683-コレクション-コレクション	컬렉션, 수집
n2-0684-転がす-ころがす	굴리다
n2-0690-混合-こんごう	혼합
n2-0699-祭日-さいじつ	축제일, 경축일
n2-0700-催促-さいそく	재촉, 독촉
n2-0701-採点-さいてん	채점
n2-0706-逆さ-さかさ	거꾸로, 반대
n2-0707-逆様-さかさま	거꾸로, 반대
n2-0709-遡る-さかのぼる	거슬러 올라가다
n2-0710-酒場-さかば	술집, 바
n2-0714-作者-さくしゃ	작자, 저자
n2-0715-削除-さくじょ	삭제
n2-0716-作成-さくせい	작성
n2-0719-囁く-ささやく	속삭이다
n2-0724-差し引き-さしひき	차감, 공제; 잔액
n2-0726-刺す-さす	찌르다, 쏘다
n2-0728-撮影-さつえい	촬영
n2-0755-司会-しかい	사회(진행)
n2-0756-しかく-しかくい-しかく-しかくい	사각, 네모
n2-0757-四角い-しかくい	네모나다
n2-0761-敷地-しきち	부지, 대지
n2-0763-茂る-しげる	우거지다, 무성하다
n2-0764-持参-じさん	지참, 가져옴
n2-0768-自習-じしゅう	자습
n2-0771-自然科学-しぜんかがく	자연 과학
n2-0775-下書き-したがき	초고, 초안
n2-0778-自治-じち	자치
n2-0780-実感-じっかん	실감
n2-0789-実用-じつよう	실용
n2-0800-紙幣-しへい	지폐
n2-0803-絞る-しぼる	짜다, 쥐어짜다
n2-0806-しみじみ-しみじみ	절실히, 곰곰이
n2-0807-氏名-しめい	성명, 이름
n2-0809-締め切り-しめきり	마감
n2-0810-締め切る-しめきる	마감하다, 마감 짓다
n2-0813-地面-じめん	지면, 땅바닥
n2-0815-社会科学-しゃかいかがく	사회 과학
n2-0817-蛇口-じゃぐち	수도꼭지
n2-0819-車庫-しゃこ	차고
n2-0821-写生-しゃせい	사생, 스케치
n2-0825-しゃぶる-しゃぶる	빨다
n2-0827-洒落-しゃれ	익살, 재담; 멋
n2-0830-集会-しゅうかい	집회, 모임
n2-0831-住居-じゅうきょ	주거, 거처
n2-0832-集金-しゅうきん	수금
n2-0833-集合-しゅうごう	집합
n2-0838-終点-しゅうてん	종점
n2-0841-周辺-しゅうへん	주변
n2-0843-終了-しゅうりょう	종료
n2-0845-重力-じゅうりょく	중력
n2-0847-祝日-しゅくじつ	공휴일, 경축일
n2-0849-受験-じゅけん	수험, 시험 응시
n2-0850-主語-しゅご	주어
n2-0851-主人-しゅじん	남편; 주인
n2-0852-出勤-しゅっきん	출근
n2-0856-主役-しゅやく	주역, 주연
n2-0858-循環-じゅんかん	순환
n2-0859-巡査-じゅんさ	순경
n2-0861-順序-じゅんじょ	순서, 차례
n2-0862-純情-じゅんじょう	순정, 순수한 마음
n2-0869-小学生-しょうがくせい	초등학생
n2-0871-将棋-しょうぎ	장기(일본 장기)
n2-0873-定規-じょうぎ	자(제도용)
n2-0874-上級-じょうきゅう	상급, 고급
n2-0875-商業-しょうぎょう	상업
n2-0878-上下-じょうげ	위아래, 상하
n2-0879-障子-しょうじ	장지문
n2-0881-乗車-じょうしゃ	승차
n2-0885-商店-しょうてん	상점
n2-0891-上品-じょうひん	품위 있음, 고상함
n2-0892-勝負-しょうぶ	승부
n2-0893-小便-しょうべん	소변
n2-0894-消防署-しょうぼうしょ	소방서
n2-0895-正味-しょうみ	정량; 순수한 양
n2-0896-正面-しょうめん	정면
n2-0897-消耗-しょうもう	소모
n2-0900-助教授-じょきょうじゅ	조교수
n2-0901-食塩-しょくえん	식염, 소금
n2-0905-書籍-しょせき	서적, 책
n2-0913-知り合い-しりあい	아는 사람, 지인
n2-0914-私立-しりつ	사립
n2-0915-資料-しりょう	자료
n2-0916-汁-しる	즙, 국물
n2-0919-芯-しん	심, 심지
n2-0922-人事-じんじ	인사(人事)
n2-0923-心身-しんしん	심신
n2-0925-申請-しんせい	신청
n2-0926-人造-じんぞう	인조
n2-0929-侵入-しんにゅう	침입
n2-0930-人文科学-じんぶんかがく	인문 과학
n2-0931-人命-じんめい	인명
n2-0932-深夜-しんや	심야, 한밤중
n2-0933-森林-しんりん	삼림, 숲
n2-0934-親類-しんるい	친척
n2-0935-針路-しんろ	(배·비행기의) 진로, 항로
n2-0936-神話-しんわ	신화
n2-0939-炊事-すいじ	취사, 밥 짓기
n2-0948-水平-すいへい	수평
n2-0953-ずうっと-ずうっと	쭉, 줄곧
n2-0956-図鑑-ずかん	도감
n2-0959-好き嫌い-すききらい	호불호, 가림
n2-0962-隙間-すきま	틈, 틈새
n2-0965-図形-ずけい	도형
n2-0967-涼む-すずむ	바람을 쐬다, 더위를 식히다
n2-0968-スタート-スタート	스타트, 출발
n2-0971-ステージ-ステージ	스테이지, 무대
n2-0973-ストップ-ストップ	스톱, 정지
n2-0975-頭脳-ずのう	두뇌
n2-0978-スマート-スマート	스마트함, 날씬함
n2-0980-すまない-すまない	미안하다
n2-0982-スライド-スライド	슬라이드
n2-0983-ずらす-ずらす	(위치·시간을) 옮기다, 늦추다
n2-0988-寸法-すんぽう	치수, 크기
n2-0990-税関-ぜいかん	세관
n2-0991-製作-せいさく	제작
n2-0992-制作-せいさく	제작(작품)
n2-0994-清書-せいしょ	정서, 깨끗이 옮겨 씀
n2-0995-青少年-せいしょうねん	청소년
n2-0997-清掃-せいそう	청소
n2-1000-政党-せいとう	정당
n2-1002-性能-せいのう	성능
n2-1003-整備-せいび	정비
n2-1004-成分-せいぶん	성분
n2-1006-正方形-せいほうけい	정사각형
n2-1007-正門-せいもん	정문
n2-1008-成立-せいりつ	성립
n2-1015-せっせと-せっせと	부지런히, 열심히
n2-1016-接続-せつぞく	접속, 연결
n2-1019-迫る-せまる	다가오다, 닥치다; 다그치다
n2-1024-台詞-せりふ	대사
n2-1029-全集-ぜんしゅう	전집
n2-1033-先々月-せんせんげつ	지지난달
n2-1034-先々週-せんせんしゅう	지지난주
n2-1036-先端-せんたん	끝, 첨단
n2-1038-宣伝-せんでん	선전, 홍보
n2-1039-先頭-せんとう	선두, 맨 앞
n2-1041-扇風機-せんぷうき	선풍기
n2-1042-洗面-せんめん	세면, 세수
n2-1043-全力-ぜんりょく	전력, 온 힘
n2-1044-線路-せんろ	선로, 철길
n2-1046-相違-そうい	상이, 차이
n2-1048-雑巾-ぞうきん	걸레
n2-1049-増減-ぞうげん	증감
n2-1052-創作-そうさく	창작
n2-1056-増大-ぞうだい	증대
n2-1058-送別-そうべつ	송별
n2-1059-草履-ぞうり	일본식 짚신(조리)
n2-1060-総理大臣-そうりだいじん	총리대신, 총리
n2-1062-属する-ぞくする	속하다
n2-1063-続々-ぞくぞく	잇따라, 속속
n2-1068-素質-そしつ	소질, 자질
n2-1072-率直-そっちょく	솔직함
n2-1075-その他-そのほか	그 외, 그 밖
n2-1092-体系-たいけい	체계
n2-1093-太鼓-たいこ	북, 다이코
n2-1094-対策-たいさく	대책
n2-1097-大小-だいしょう	대소, 크기
n2-1098-体制-たいせい	체제
n2-1099-体積-たいせき	부피, 체적
n2-1101-体操-たいそう	체조
n2-1102-大分-だいぶん	꽤, 상당히
n2-1104-題名-だいめい	제목
n2-1109-対立-たいりつ	대립
n2-1110-田植え-たうえ	모내기
n2-1113-高める-たかめる	높이다, 향상시키다
n2-1116-蓄える-たくわえる	비축하다, 저장하다
n2-1118-ただいま-ただいま	다녀왔습니다; 지금
n2-1121-立ち止まる-たちどまる	멈춰 서다
n2-1122-たちまち-たちまち	순식간에, 금세
n2-1126-例える-たとえる	비유하다, 빗대다
n2-1128-足袋-たび	다비(일본식 버선)
n2-1129-ダブル-ダブル	더블
n2-1133-だらしない-だらしない	칠칠치 못하다, 단정치 못하다
n2-1136-段階-だんかい	단계
n2-1137-短期-たんき	단기
n2-1141-淡水-たんすい	담수, 민물
n2-1142-断水-だんすい	단수
n2-1144-団地-だんち	단지, 주택단지
n2-1145-断定-だんてい	단정
n2-1146-短編-たんぺん	단편
n2-1150-近々-ちかぢか	머지않아, 곧
n2-1151-近付ける-ちかづける	가까이하다, 접근시키다
n2-1152-近寄る-ちかよる	다가가다, 접근하다
n2-1154-ちぎる-ちぎる	잘게 찢다; (과일을) 따다
n2-1156-知人-ちじん	지인, 아는 사람
n2-1157-地帯-ちたい	지대, 지역
n2-1163-地名-ちめい	지명
n2-1164-茶色い-ちゃいろい	갈색의
n2-1166-中間-ちゅうかん	중간
n2-1171-中途-ちゅうと	도중, 중도
n2-1185-調味料-ちょうみりょう	조미료
n2-1186-直後-ちょくご	직후
n2-1187-直線-ちょくせん	직선
n2-1188-直前-ちょくぜん	직전
n2-1189-直通-ちょくつう	직통
n2-1190-直流-ちょくりゅう	직류
n2-1191-貯蔵-ちょぞう	저장, 비축
n2-1192-直角-ちょっかく	직각
n2-1201-通ずる-つうずる	통하다, 이어지다
n2-1206-通路-つうろ	통로, 길
n2-1209-月日-つきひ	세월, 날짜
n2-1210-次ぐ-つぐ	뒤를 잇다, 다음가다
n2-1213-務める-つとめる	(역할을) 맡다, 근무하다
n2-1214-努める-つとめる	힘쓰다, 노력하다
n2-1215-綱-つな	밧줄
n2-1218-粒-つぶ	알갱이, 낟알
n2-1219-潰す-つぶす	찌그러뜨리다; (시간을) 때우다
n2-1221-つまずく-つまずく	발이 걸려 넘어지다
n2-1222-躓く-つまずく	발이 걸려 넘어지다
n2-1224-積む-つむ	쌓다, 싣다
n2-1227-強気-つよき	강세; 강경함
n2-1229-吊る-つる	매달다, 걸다
n2-1230-吊す-つるす	매달다, 걸다
n2-1232-手洗い-てあらい	화장실
n2-1236-低下-ていか	저하, 하락
n2-1238-定休日-ていきゅうび	정기 휴일
n2-1239-停止-ていし	정지, 중단
n2-1245-手入れ-ていれ	손질, 정비
n2-1254-弟子-でし	제자, 문하생
n2-1256-手帳-てちょう	수첩
n2-1257-鉄橋-てっきょう	철교
n2-1259-鉄砲-てっぽう	총, 철포
n2-1262-手前-てまえ	(자기) 앞, 이쪽
n2-1263-出迎え-でむかえ	마중
n2-1268-伝記-でんき	전기(傳記), 일대기
n2-1269-電球-でんきゅう	전구
n2-1272-電池-でんち	전지, 배터리
n2-1275-転々-てんてん	여기저기 옮김, 전전
n2-1279-電流-でんりゅう	전류
n2-1280-電力-でんりょく	전력
n2-1291-当日-とうじつ	당일
n2-1298-等分-とうぶん	등분
n2-1300-灯油-とうゆ	등유
n2-1303-通り掛かる-とおりかかる	마침 지나가다
n2-1306-どきどき-どきどき	두근두근
n2-1307-特殊-とくしゅ	특수
n2-1309-特定-とくてい	특정
n2-1310-特売-とくばい	특매, 특가 판매
n2-1315-所々-ところどころ	여기저기, 군데군데
n2-1316-都心-としん	도심
n2-1318-とっくに-とっくに	벌써, 진작에
n2-1345-殴る-なぐる	때리다, 치다
n2-1346-為す-なす	이루다, 하다
n2-1348-傾らか-なだらか	완만함; 순조로움
n2-1349-懐かしい-なつかしい	그립다, 정겹다
n2-1360-生る-なる	(열매가) 열리다
n2-1361-南極-なんきょく	남극
n2-1365-ナンバー-ナンバー	넘버, 번호
n2-1366-南米-なんべい	남미
n2-1369-逃がす-にがす	놓아주다, 놓치다
n2-1381-入社-にゅうしゃ	입사
n2-1359-倣う-ならう	본받다, 모방하다
n2-1398-濃度-のうど	농도
n2-1396-農産物-のうさんぶつ	농산물
n2-1397-農村-のうそん	농촌
n2-1403-上り-のぼり	상행(도쿄로 향함); 오르막
n2-1404-糊-のり	풀(접착제)
n2-1410-呑気-のんき	태평함, 느긋함
n2-1414-売店-ばいてん	매점
n2-1418-剥す-はがす	벗기다, 떼어 내다
n2-1424-掃く-はく	(빗자루로) 쓸다
n2-1429-梯子-はしご	사다리
n2-1432-はじめまして-はじめまして	처음 뵙겠습니다
n2-1435-パターン-パターン	패턴, 유형
n2-1439-鉢-はち	화분; 큰 그릇
n2-1442-発揮-はっき	발휘
n2-1443-バック-バック	백; 뒤
n2-1445-発電-はつでん	발전(전기 생산)
n2-1447-派手-はで	화려함, 요란함
n2-1451-話中-はなしちゅう	통화 중
n2-1452-甚だしい-はなはだしい	심하다, 지나치다
n2-1456-跳ねる-はねる	뛰어오르다, 튀다
n2-1457-破片-はへん	파편, 조각
n2-1460-早口-はやくち	빠른 말투
n2-1461-払い込む-はらいこむ	납입하다, 불입하다
n2-1462-払い戻す-はらいもどす	환불하다
n2-1466-反映-はんえい	반영
n2-1469-万歳-ばんざい	만세
n2-1470-判事-はんじ	판사
n2-1471-反省-はんせい	반성
n2-1472-番地-ばんち	번지, 주소
n2-1474-バンド-バンド	밴드; 벨트
n2-1481-日陰-ひかげ	그늘
n2-1484-引き返す-ひきかえす	되돌아가다
n2-1487-引き止める-ひきとめる	(가려는 것을) 만류하다, 붙잡다
n2-1498-筆記-ひっき	필기
n2-1504-必需品-ひつじゅひん	필수품
n2-1506-人差指-ひとさしゆび	검지, 집게손가락
n2-1507-一通り-ひととおり	대충, 한 차례
n2-1510-瞳-ひとみ	눈동자, 동공
n2-1512-独り言-ひとりごと	혼잣말
n2-1518-捻る-ひねる	비틀다, 돌리다
n2-1521-響き-ひびき	울림, 여운
n2-1524-冷やす-ひやす	차게 식히다, 냉장하다
n2-1529-標識-ひょうしき	표지, 표식
n2-1530-標準-ひょうじゅん	표준
n2-1531-標本-ひょうほん	표본, 견본
n2-1536-広さ-ひろさ	넓이
n2-1538-広々-ひろびろ	널찍함
n2-1540-便箋-びんせん	편지지
n2-1544-不運-ふうん	불운
n2-1545-深まる-ふかまる	깊어지다
n2-1546-不規則-ふきそく	불규칙
n2-1547-普及-ふきゅう	보급, 확산
n2-1548-付近-ふきん	부근, 근처
n2-1551-複写-ふくしゃ	복사, 복제
n2-1552-複数-ふくすう	복수, 여럿
n2-1556-不潔-ふけつ	불결함
n2-1558-符号-ふごう	부호, 기호
n2-1561-塞ぐ-ふさぐ	막다, 메우다
n2-1567-襖-ふすま	맹장지, 후스마
n2-1568-附属-ふぞく	부속, 소속
n2-1569-付属-ふぞく	부속, 소속
n2-1570-蓋-ふた	뚜껑, 덮개
n2-1571-不通-ふつう	불통, 두절
n2-1572-物騒-ぶっそう	뒤숭숭함, 위험함
n2-1574-船便-ふなびん	선편(배편)
n2-1575-部品-ぶひん	부품
n2-1576-吹雪-ふぶき	눈보라
n2-1578-踏切-ふみきり	건널목; (도약의) 발구르기
n2-1579-麓-ふもと	산기슭
n2-1582-ぶらさげる-ぶらさげる	매달다, 늘어뜨리다
n2-1583-ブラシ-ブラシ	브러시, 솔
n2-1585-フリー-フリー	프리, 자유
n2-1586-振り仮名-ふりがな	후리가나(읽기 표기)
n2-1587-振り向く-ふりむく	뒤돌아보다
n2-1588-プリント-プリント	프린트, 인쇄물
n2-1590-故郷-ふるさと	고향
n2-1591-古里-ふるさと	고향
n2-1592-振舞う-ふるまう	행동하다, 대접하다
n2-1596-ふわふわ-ふわふわ	푹신푹신, 둥실둥실
n2-1597-噴火-ふんか	분화, 화산 폭발
n2-1598-分解-ぶんかい	분해
n2-1599-文芸-ぶんげい	문예
n2-1600-文献-ぶんけん	문헌
n2-1603-文体-ぶんたい	문체
n2-1604-分布-ぶんぷ	분포
n2-1607-分量-ぶんりょう	분량
n2-1609-閉会-へいかい	폐회
n2-1614-平凡-へいぼん	평범함
n2-1615-平野-へいや	평야
n2-1633-防止-ぼうし	방지, 예방
n2-1634-方針-ほうしん	방침
n2-1642-方面-ほうめん	방면, 분야
n2-1644-放る-ほうる	내던지다, 내버려 두다
n2-1648-牧畜-ぼくちく	목축
n2-1649-保健-ほけん	보건
n2-1651-干す-ほす	말리다, 널다
n2-1654-坊っちゃん-ぼっちゃん	도련님, 아드님
n2-1663-本来-ほんらい	본래, 원래
n2-1664-まあまあ-まあまあ	그저 그럼; 자자(달램)
n2-1668-まく-まく	감다, 말다
n2-1672-摩擦-まさつ	마찰
n2-1682-真っ暗-まっくら	캄캄함, 깜깜함
n2-1685-真っ先-まっさき	맨 앞, 제일 먼저
n2-1688-窓口-まどぐち	창구
n2-1699-満点-まんてん	만점
n2-1714-道順-みちじゅん	길 순서, 노정
n2-1780-盛る-もる	(그릇에) 담다; 쌓다
n2-1838-余所-よそ	다른 곳, 딴 데
n1-0007-原典-げんてん	원전, 원본
n1-0009-原文-げんぶん	원문
n1-0010-厳密-げんみつ	엄밀함
n1-0011-賢明-けんめい	현명함
n1-0012-倹約-けんやく	검약, 절약
n1-0015-権力-けんりょく	권력
n1-0016-言論-げんろん	언론
n1-0020-甲-こう	갑(첫째); 껍데기
n1-0023-行為-こうい	행위, 행동
n1-0024-合意-ごうい	합의
n1-0025-工学-こうがく	공학
n1-0026-抗議-こうぎ	항의
n1-0027-合議-ごうぎ	합의, 협의
n1-0033-交互-こうご	교호, 번갈아
n1-0031-興業-こうぎょう	흥업, 사업 일으킴
n1-0037-耕作-こうさく	경작, 농사
n1-0039-講習-こうしゅう	강습
n1-0041-控除-こうじょ	공제
n1-0043-高尚-こうしょう	고상함
n1-0044-向上-こうじょう	향상
n1-0045-行進-こうしん	행진
n1-0049-合成-ごうせい	합성
n1-0051-抗争-こうそう	항쟁, 분쟁
n1-0052-構想-こうそう	구상
n1-0058-講読-こうどく	강독
n1-0066-公募-こうぼ	공모
n1-0067-巧妙-こうみょう	교묘함
n1-0068-公用-こうよう	공용, 공무
n1-0071-公立-こうりつ	공립
n1-0072-護衛-ごえい	호위
n1-0074-小柄-こがら	몸집이 작음
n1-0075-小切手-こぎって	수표
n1-0076-国産-こくさん	국산
n1-0079-国防-こくぼう	국방
n1-0080-国有-こくゆう	국유
n1-0085-心地-ここち	기분, 느낌
n1-0089-志-こころざし	뜻, 의지
n1-0090-志す-こころざす	뜻을 두다, 지망하다
n1-0092-心細い-こころぼそい	불안하다, 마음이 허전하다
n1-0093-試み-こころみ	시도, 시험
n1-0094-試みる-こころみる	시도하다, 시험해 보다
n1-0095-快い-こころよい	기분 좋다, 상쾌하다
n1-0102-個性-こせい	개성
n1-0103-戸籍-こせき	호적
n1-0109-滑稽-こっけい	익살스러움, 우스움
n1-0112-固定-こてい	고정
n1-0113-事柄-ことがら	사항, 일
n1-0116-言付け-ことづけ	전언, 전갈
n1-0120-碁盤-ごばん	바둑판
n1-0121-個別-こべつ	개별
n1-0123-細やか-こまやか	섬세함, 자상함
n1-0128-固有-こゆう	고유
n1-0141-混同-こんどう	혼동
n1-0145-根本-こんぽん	근본
n1-0146-財-ざい	재물, 재산
n1-0147-再会-さいかい	재회
n1-0150-細工-さいく	세공; 잔재주
n1-0153-採決-さいけつ	표결, 채결
n1-0155-再現-さいげん	재현
n1-0157-在庫-ざいこ	재고
n1-0158-採算-さいさん	채산, 수지
n1-0162-最善-さいぜん	최선
n1-0163-採択-さいたく	채택
n1-0164-栽培-さいばい	재배
n1-0165-再発-さいはつ	재발
n1-0166-細胞-さいぼう	세포
n1-0167-採用-さいよう	채용
n1-0169-さえずる-さえずる	지저귀다
n1-0171-竿-さお	장대(빨랫대)
n1-0173-差額-さがく	차액
n1-0178-削減-さくげん	삭감
n1-0179-錯誤-さくご	착오
n1-0180-作戦-さくせん	작전
n1-0181-叫び-さけび	외침, 부르짖음
n1-0182-捧げる-ささげる	바치다, 받들다
n1-0183-差し掛かる-さしかかる	다다르다, 접어들다
n1-0184-指図-さしず	지시, 지휘
n1-0187-授ける-さずける	내려주다, 전수하다
n1-0188-摩する-さする	문지르다, 쓰다듬다
n1-0190-定まる-さだまる	정해지다, 안정되다
n1-0192-座談会-ざだんかい	좌담회
n1-0193-雑-ざつ	조잡함, 엉성함
n1-0196-察する-さっする	헤아리다, 짐작하다
n1-0197-雑談-ざつだん	잡담
n1-0206-寒気-さむけ	오한, 한기
n1-0209-作用-さよう	작용
n1-0212-酸-さん	산(酸)
n1-0213-山岳-さんがく	산악
n1-0217-残金-ざんきん	잔금, 남은 돈
n1-0220-産出-さんしゅつ	산출, 생산
n1-0221-参照-さんしょう	참조
n1-0226-賛美-さんび	찬미, 찬양
n1-0229-産物-さんぶつ	산물
n1-0231-仕上がり-しあがり	완성, 마무리
n1-0233-仕上げる-しあげる	마무리하다, 완성하다
n1-0234-飼育-しいく	사육, 기름
n1-0236-シート-シート	시트; 좌석
n1-0239-強いる-しいる	강요하다, 강제하다
n1-0240-潮-しお	조수, 밀물 썰물
n1-0243-自覚-じかく	자각
n1-0244-仕掛-しかけ	장치, 장치된 것
n1-0245-仕掛ける-しかける	(장치를) 걸다, 시비를 걸다
n1-0247-色彩-しきさい	색채
n1-0250-事業-じぎょう	사업
n1-0252-経歴-けいれき	경력, 이력
n1-0253-経路-けいろ	경로
n1-0254-けがらわしい-けがらわしい	더럽다, 추잡하다
n1-0255-劇団-げきだん	극단
n1-0258-獣-けだもの	짐승, 야수
n1-0278-獣-けもの	짐승, 야수
n1-0259-決-けつ	표결, 결정
n1-0262-決議-けつぎ	결의
n1-0263-結合-けつごう	결합
n1-0269-結束-けっそく	결속
n1-0274-蹴飛ばす-けとばす	걷어차다
n1-0275-けなす-けなす	헐뜯다, 깎아내리다
n1-0277-煙る-けむる	연기가 나다
n1-0279-家来-けらい	가신, 부하
n1-0281-権威-けんい	권위
n1-0282-兼業-けんぎょう	겸업
n1-0283-原形-げんけい	원형(原形)
n1-0284-原型-げんけい	원형(原型), 프로토타입
n1-0285-権限-けんげん	권한
n1-0288-原作-げんさく	원작
n1-0291-元首-げんしゅ	원수, 국가 원수
n1-0292-原書-げんしょ	원서
n1-0293-懸賞-けんしょう	현상(상금 걸기)
n1-0294-健全-けんぜん	건전함
n1-0297-到底-とうてい	도저히
n1-0303-尊ぶ-とうとぶ	공경하다, 존중하다
n1-0306-導入-どうにゅう	도입
n1-0311-同盟-どうめい	동맹
n1-0314-登録-とうろく	등록
n1-0316-遠ざかる-とおざかる	멀어지다
n1-0324-特技-とくぎ	특기
n1-0326-特産-とくさん	특산, 특산물
n1-0327-独自-どくじ	독자적, 고유
n1-0333-特有-とくゆう	특유
n1-0338-戸締り-とじまり	문단속
n1-0339-途上-とじょう	도상, 도중
n1-0340-土台-どだい	토대
n1-0342-特許-とっきょ	특허
n1-0343-特権-とっけん	특권
n1-0344-とっさに-とっさに	순간적으로, 얼떨결에
n1-0346-とって-とって	손잡이
n1-0347-突破-とっぱ	돌파
n1-0348-土手-どて	둑, 제방
n1-0349-届-とどけ	신고(서)
n1-0354-殿様-とのさま	영주, 도련님
n1-0356-扉-とびら	문, 문짝
n1-0357-溝-どぶ	도랑, 시궁창
n1-0359-土木-どぼく	토목
n1-0361-乏しい-とぼしい	부족하다, 모자라다
n1-0362-富-とみ	부, 재산
n1-0367-ドライ-ドライ	드라이, 건조함
n1-0368-ドライクリーニング-ドライクリーニング	드라이클리닝
n1-0369-ドライバー-ドライバー	운전기사; 드라이버(공구)
n1-0370-ドライブイン-ドライブイン	드라이브인
n1-0374-取扱-とりあつかい	취급, 다룸
n1-0375-取り扱う-とりあつかう	취급하다, 다루다
n1-0377-取り替え-とりかえ	교체, 교환
n1-0379-取締り-とりしまり	단속, 감독
n1-0382-取り立てる-とりたてる	(빚을) 받아내다; 발탁하다
n1-0384-取り付ける-とりつける	설치하다; (합의를) 받아내다
n1-0386-取引-とりひき	거래
n1-0387-取り巻く-とりまく	둘러싸다, 에워싸다
n1-0388-取り混ぜる-とりまぜる	뒤섞다
n1-0390-取り寄せる-とりよせる	주문해서 받다, 가져오게 하다
n1-0392-副-とりわけ	특히, 유난히
n1-0395-とんだ-とんだ	엄청난, 뜻밖의
n1-0397-問屋-とんや	도매상
n1-0398-内閣-ないかく	내각
n1-0399-乃至-ないし	내지, 또는
n1-0402-内蔵-ないぞう	내장(內藏), 내장형
n1-0403-ナイター-ナイター	야간 경기(나이터)
n1-0408-なおさら-なおさら	더욱더, 한층
n1-0409-流し-ながし	싱크대, 개수대
n1-0412-渚-なぎさ	물가, 바닷가
n1-0415-仲人-なこうど	중매인
n1-0416-和やか-なごやか	화기애애함, 부드러움
n1-0417-名残-なごり	자취, 여운; 아쉬움
n1-0419-情無い-なさけない	한심하다, 비참하다
n1-0420-情深い-なさけぶかい	인정이 많다, 자비롭다
n1-0421-詰る-なじる	힐난하다, 따지다
n1-0425-名付ける-なづける	이름 짓다, 명명하다
n1-0426-何気ない-なにげない	아무렇지 않은, 무심한
n1-0428-なにより-なにより	무엇보다
n1-0430-名札-なふだ	명찰, 이름표
n1-0433-生身-なまみ	산 몸, 생신(生身)
n1-0434-鉛-なまり	납(금속)
n1-0436-嘗める-なめる	핥다; 깔보다
n1-0437-悩ましい-なやましい	괴롭다, 고민스럽다; 관능적이다
n1-0439-悩み-なやみ	고민, 고뇌
n1-0440-並びに-ならびに	및, 그리고
n1-0443-慣れ-なれ	익숙함, 버릇
n1-0446-ナンセンス-ナンセンス	난센스, 터무니없음
n1-0448-なんだかんだ-なんだかんだ	이러쿵저러쿵, 이것저것
n1-0450-荷-に	짐, 화물
n1-0455-肉親-にくしん	육친, 혈육
n1-0456-肉体-にくたい	육체
n1-0458-西日-にしび	석양빛, 서향 볕
n1-0459-滲む-にじむ	번지다, 스미다
n1-0461-日夜-にちや	밤낮, 늘
n1-0468-入手-にゅうしゅ	입수, 손에 넣음
n1-0473-妊娠-にんしん	임신
n1-0474-任務-にんむ	임무
n1-0478-主-ぬし	주인, 임자
n1-0479-沼-ぬま	늪, 못
n1-0481-値打ち-ねうち	가치, 값어치
n1-0484-ねじまわし-ねじまわし	드라이버(나사돌리개)
n1-0485-捩れる-ねじれる	비틀어지다, 꼬이다
n1-0487-ねだる-ねだる	조르다, 떼쓰다
n1-0489-熱湯-ねっとう	끓는 물, 열탕
n1-0493-値引き-ねびき	할인, 에누리
n1-0497-念-ねん	생각, 마음; 주의
n1-0501-燃焼-ねんしょう	연소
n1-0510-逃す-のがす	놓치다
n1-0516-罵る-ののしる	욕하다, 매도하다
n1-0520-刃-は	칼날, 날
n1-0522-バー-バー	바; 막대
n1-0523-把握-はあく	파악
n1-0524-パート-パート	파트타임; 파트
n1-0525-廃棄-はいき	폐기
n1-0526-配給-はいきゅう	배급
n1-0530-背景-はいけい	배경
n1-0534-排除-はいじょ	배제, 제거
n1-0535-賠償-ばいしょう	배상
n1-0537-敗戦-はいせん	패전
n1-0538-配置-はいち	배치
n1-0539-配布-はいふ	배포
n1-0540-配分-はいぶん	배분, 할당
n1-0542-倍率-ばいりつ	배율; 경쟁률
n1-0543-配慮-はいりょ	배려
n1-0547-一概に-いちがいに	일률적으로, 한마디로
n1-0548-著しい-いちじるしい	현저하다, 두드러지다
n1-0550-一部分-いちぶぶん	일부분
n1-0551-一別-いちべつ	이별, 헤어짐
n1-0552-一面-いちめん	일면, 한쪽; 한편
n1-0553-一目-いちもく	한눈, 일견
n1-0554-一様-いちよう	한결같음, 똑같음
n1-0555-一律-いちりつ	일률적임
n1-0561-一切-いっさい	일체, 전부; 일절
n1-0563-いっそ-いっそ	차라리
n1-0564-一変-いっぺん	일변, 완전히 바뀜
n1-0565-意図-いと	의도
n1-0571-今更-いまさら	이제 와서, 새삼스럽게
n1-0574-嫌々-いやいや	마지못해, 싫어하며
n1-0578-意欲-いよく	의욕
n1-0579-威力-いりょく	위력
n1-0581-異論-いろん	이론(異論), 이견
n1-0582-印鑑-いんかん	인감, 도장
n1-0583-陰気-いんき	음침함, 침울함
n1-0585-インターチェンジ-インターチェンジ	인터체인지
n1-0608-内訳-うちわけ	내역
n1-0610-訴え-うったえ	고소, 호소
n1-0613-空ろ-うつろ	공허함, 멍함
n1-0614-器-うつわ	그릇, 용기; 그릇(역량)
n1-0617-促す-うながす	재촉하다, 촉구하다
n1-0619-生まれつき-うまれつき	타고남, 천성
n1-0621-梅干し-うめぼし	우메보시(매실 장아찌)
n1-0626-浮気-うわき	바람기, 바람피움
n1-0629-運営-うんえい	운영
n1-0631-運送-うんそう	운송
n1-0634-運搬-うんぱん	운반
n1-0636-運輸-うんゆ	운수
n1-0637-運用-うんよう	운용, 활용
n1-0638-エアメール-エアメール	항공 우편
n1-0640-英字-えいじ	영자(英字), 영문자
n1-0642-映像-えいぞう	영상, 이미지
n1-0643-英雄-えいゆう	영웅
n1-0644-液-えき	액체, 액(液)
n1-0645-閲覧-えつらん	열람
n1-0646-獲物-えもの	사냥감, 노획물
n1-0647-襟-えり	옷깃, 칼라
n1-0649-円滑-えんかつ	원활함
n1-0652-婉曲-えんきょく	완곡함
n1-0655-演じる-えんじる	연기하다, (역을) 맡다
n1-0656-演ずる-えんずる	연기하다, (역을) 맡다
n1-0657-沿線-えんせん	연선(철도변)
n1-0658-縁談-えんだん	혼담
n1-0659-遠方-えんぽう	먼 곳, 원방
n1-0660-円満-えんまん	원만함
n1-0661-追い込む-おいこむ	몰아넣다, 궁지에 몰다
n1-0664-老いる-おいる	늙다, 나이를 먹다
n1-0666-黄金-おうごん	황금
n1-0667-往診-おうしん	왕진
n1-0668-応募-おうぼ	응모, 지원
n1-0671-大柄-おおがら	큰 체격; 큰 무늬
n1-0673-大筋-おおすじ	대략, 줄거리
n1-0674-大空-おおぞら	넓은 하늘, 창공
n1-0678-大水-おおみず	큰물, 홍수
n1-0679-公-おおやけ	공(公), 공적임
n1-0680-犯す-おかす	(죄를) 범하다, 저지르다
n1-0681-侵す-おかす	침범하다, 침해하다
n1-0683-遅らす-おくらす	늦추다, 지연시키다
n1-0685-行い-おこない	행실, 행동
n1-0692-押し込む-おしこむ	밀어 넣다
n1-0695-雄-おす	수컷
n1-0696-御世辞-おせじ	아첨, 입에 발린 말
n1-0698-遅くとも-おそくとも	늦어도
n1-0702-落ち込む-おちこむ	(기분이) 가라앉다, 침울해지다
n1-0703-落ち着き-おちつき	침착함, 차분함
n1-0706-お使い-おつかい	심부름
n1-0711-訪れる-おとずれる	방문하다, 찾아오다
n1-0713-衰える-おとろえる	쇠퇴하다, 약해지다
n1-0714-同い年-おないどし	동갑
n1-0721-覚え-おぼえ	기억; 자신(自信)
n1-0725-思い付き-おもいつき	착상, 즉흥적 생각
n1-0726-趣-おもむき	정취, 멋; 취지
n1-0728-重んじる-おもんじる	중시하다, 존중하다
n1-0729-重んずる-おもんずる	중시하다, 존중하다
n1-0731-及び-および	및, 그리고
n1-0732-及ぶ-およぶ	이르다, 미치다
n1-0733-折-おり	때, 기회
n1-0740-おろそか-おろそか	소홀함, 등한시
n1-0743-温和-おんわ	온화함, 온순함
n1-0750-外貨-がいか	외화
n1-0752-貝殻-かいがら	조개껍데기
n1-0754-階級-かいきゅう	계급, 등급
n1-0755-海峡-かいきょう	해협
n1-0756-会見-かいけん	회견
n1-0758-開催-かいさい	개최
n1-0759-回収-かいしゅう	회수
n1-0760-改修-かいしゅう	개수, 보수
n1-0762-解除-かいじょ	해제
n1-0763-外相-がいしょう	외무장관, 외상
n1-0764-害する-がいする	해치다, 상하게 하다
n1-0767-階層-かいそう	계층
n1-0768-開拓-かいたく	개척
n1-0769-会談-かいだん	회담
n1-0770-改定-かいてい	개정(改定)
n1-0774-該当-がいとう	해당
n1-0778-概念-がいねん	개념
n1-0779-開発-かいはつ	개발
n1-0780-海抜-かいばつ	해발
n1-0781-介抱-かいほう	간호, 병구완
n1-0783-外来-がいらい	외래
n1-0784-回覧-かいらん	회람
n1-0786-海流-かいりゅう	해류
n1-0789-海路-かいろ	항로, 바닷길
n1-0790-省みる-かえりみる	반성하다, 돌이켜 보다
n1-0791-顧みる-かえりみる	돌아보다, 회고하다
n1-0804-各種-かくしゅ	각종, 여러 종류
n1-0805-隔週-かくしゅう	격주
n1-0806-確信-かくしん	확신
n1-0807-革新-かくしん	혁신
n1-0808-学説-がくせつ	학설
n1-0809-確定-かくてい	확정
n1-0811-獲得-かくとく	획득
n1-0812-楽譜-がくふ	악보
n1-0815-確立-かくりつ	확립
n1-0820-駆け足-かけあし	구보, 빠른 걸음
n1-0821-家計-かけい	가계
n1-0823-加工-かこう	가공
n1-0826-かさむ-かさむ	(비용이) 불어나다, 늘다
n1-0829-微か-かすか	희미함, 어렴풋함
n1-0838-片言-かたこと	서툰 말, 떠듬거리는 말
n1-0842-花壇-かだん	화단
n1-0843-家畜-かちく	가축
n1-0844-且つ-かつ	또한, 동시에
n1-0848-合致-がっち	합치, 일치
n1-0854-合併-がっぺい	합병
n1-0851-勝手-かって	제멋대로임; 부엌
n1-0852-カット-カット	컷, 자름
n1-0857-叶える-かなえる	(소원을) 이루어 주다
n1-0866-貨幣-かへい	화폐
n1-0867-構える-かまえる	(자세를) 취하다; (집·가게를) 차리다
n1-0873-体付き-からだつき	몸매, 체격
n1-0882-簡易-かんい	간이, 간편함
n1-0887-簡潔-かんけつ	간결함
n1-0888-還元-かんげん	환원
n1-0892-勧告-かんこく	권고
n1-0893-換算-かんさん	환산
n1-0894-監視-かんし	감시
n1-0896-観衆-かんしゅう	관중
n1-0897-願書-がんしょ	원서, 지원서
n1-0899-頑丈-がんじょう	튼튼함, 견고함
n1-0901-肝心-かんじん	중요함, 핵심임
n1-0902-肝腎-かんじん	중요함, 핵심임
n1-0903-関税-かんぜい	관세
n1-0906-幹線-かんせん	간선
n1-0907-簡素-かんそ	간소함
n1-0912-幹部-かんぶ	간부
n1-0913-完ぺき-かんぺき	완벽
n1-0914-勘弁-かんべん	용서, 봐줌
n1-0916-勧誘-かんゆう	권유, 가입 권유
n1-0917-関与-かんよ	관여
n1-0919-元来-がんらい	본래, 원래
n1-0920-観覧-かんらん	관람
n1-0923-貫禄-かんろく	관록, 위엄
n1-0924-緩和-かんわ	완화
n1-0926-危害-きがい	위해, 해
n1-0928-規格-きかく	규격
n1-0929-着飾る-きかざる	치장하다, 차려입다
n1-0931-気軽-きがる	부담 없음, 선뜻함
n1-0936-戯曲-ぎきょく	희곡
n1-0937-基金-ききん	기금
n1-0938-喜劇-きげき	희극, 코미디
n1-0939-議決-ぎけつ	의결
n1-0942-気障-きざ	거슬림, 아니꼬움
n1-0943-記載-きさい	기재, 기록
n1-0944-兆-きざし	조짐, 징조
n1-0945-気質-きしつ	기질, 성품
n1-0946-期日-きじつ	기일, 정해진 날
n1-0948-議事堂-ぎじどう	의사당
n1-0950-気象-きしょう	기상(氣象)
n1-0952-傷付ける-きずつける	상처를 입히다, (감정을) 다치게 하다
n1-0957-貴族-きぞく	귀족
n1-0959-鍛える-きたえる	단련하다, 단련시키다
n1-0961-来る-きたる	오는, 다가올
n1-0963-几帳面-きちょうめん	꼼꼼함, 빈틈없음
n1-0967-規定-きてい	규정
n1-0971-規範-きはん	규범
n1-0973-気風-きふう	기풍, 기질
n1-0975-規模-きぼ	규모
n1-0977-生真面目-きまじめ	고지식함, 외곬
n1-0980-記名-きめい	기명
n1-0981-規約-きやく	규약, 규정
n1-0983-逆転-ぎゃくてん	역전
n1-0986-客観-きゃっかん	객관
n1-0987-キャッチ-キャッチ	캐치, 잡음
n1-0989-救援-きゅうえん	구원, 구호
n1-0992-窮屈-きゅうくつ	갑갑함, 거북함
n1-0993-球根-きゅうこん	구근, 알뿌리
n1-0994-救済-きゅうさい	구제
n1-0999-旧知-きゅうち	옛 친구, 오랜 친분
n1-1000-窮乏-きゅうぼう	궁핍
n1-1001-寄与-きよ	기여, 공헌
n1-1005-教科-きょうか	교과
n1-1006-協会-きょうかい	협회
n1-1008-共感-きょうかん	공감
n1-1009-境遇-きょうぐう	처지, 환경
n1-1011-強行-きょうこう	강행
n1-1012-強硬-きょうこう	강경함
n1-1013-教材-きょうざい	교재
n1-1014-凶作-きょうさく	흉작
n1-1015-業者-ぎょうしゃ	업자
n1-1016-教習-きょうしゅう	교습
n1-1020-強制-きょうせい	강제
n1-1021-行政-ぎょうせい	행정
n1-1022-業績-ぎょうせき	업적, 실적
n1-1024-協定-きょうてい	협정
n1-1027-業務-ぎょうむ	업무
n1-1028-共鳴-きょうめい	공명; 공감
n1-1029-郷里-きょうり	고향, 향리
n1-1030-強烈-きょうれつ	강렬함
n1-1031-共和-きょうわ	공화
n1-1032-局限-きょくげん	국한
n1-1034-居住-きょじゅう	거주
n1-1036-漁船-ぎょせん	어선
n1-1037-漁村-ぎょそん	어촌
n1-1039-許容-きょよう	허용
n1-1040-清らか-きよらか	맑음, 깨끗함
n1-1044-切替-きりかえ	전환, 교체
n1-1045-気流-きりゅう	기류
n1-1046-切れ目-きれめ	끊긴 곳, 짬, 단락
n1-1047-疑惑-ぎわく	의혹
n1-1050-緊急-きんきゅう	긴급
n1-1052-均衡-きんこう	균형
n1-1054-勤勉-きんべん	근면
n1-1055-吟味-ぎんみ	음미, 따져 봄
n1-1056-勤務-きんむ	근무
n1-1058-勤労-きんろう	근로
n1-1060-食い違う-くいちがう	어긋나다, 엇갈리다
n1-1061-空間-くうかん	공간
n1-1063-区画-くかく	구획
n1-1064-区間-くかん	구간
n1-1066-区切り-くぎり	단락, 매듭
n1-1067-くぐる-くぐる	빠져나가다, (밑을) 지나다
n1-1071-愚痴-ぐち	푸념, 넋두리
n1-1072-口吟む-くちずさむ	흥얼거리다
n1-1073-嘴-くちばし	부리
n1-1077-屈折-くっせつ	굴절
n1-1078-ぐっと-ぐっと	꽉; 한층, 훨씬
n1-1081-組み込む-くみこむ	짜 넣다, 포함시키다
n1-1082-組み合わせる-くみあわせる	조합하다, 짜 맞추다
n1-1089-軍事-ぐんじ	군사
n1-1090-君主-くんしゅ	군주
n1-1091-群集-ぐんしゅう	군중, 무리
n1-1092-群衆-ぐんしゅう	군중, 무리
n1-1093-軍備-ぐんび	군비
n1-1095-芸-げい	재주, 예(藝)
n1-1096-経過-けいか	경과
n1-1097-軽快-けいかい	경쾌함
n1-1098-警戒-けいかい	경계
n1-1100-軽減-けいげん	경감
n1-1102-傾斜-けいしゃ	경사, 기울기
n1-1104-形勢-けいせい	형세, 정세
n1-1105-軽率-けいそつ	경솔함
n1-1106-刑罰-けいばつ	형벌
n1-1107-経費-けいひ	경비, 비용
n1-1110-転居-てんきょ	이사, 거처 옮김
n1-1116-天災-てんさい	천재(자연재해)
n1-1117-展示-てんじ	전시
n1-1118-伝説-でんせつ	전설
n1-1120-転じる-てんじる	(방향·화제를) 돌리다, 바뀌다
n1-1121-転ずる-てんずる	(방향·화제를) 돌리다, 바뀌다
n1-1124-天地-てんち	천지, 하늘과 땅
n1-1128-伝来-でんらい	전래, 전해 내려옴
n1-1129-転落-てんらく	전락, 굴러떨어짐
n1-1132-胴-どう	몸통, 동체
n1-1135-同感-どうかん	동감
n1-1139-等級-とうきゅう	등급
n1-1140-同級-どうきゅう	동급
n1-1141-同居-どうきょ	동거, 한집에 삶
n1-1142-登校-とうこう	등교
n1-1148-統制-とうせい	통제
n1-1151-統率-とうそつ	통솔
n1-1153-統治-とうち	통치
n1-1154-仕切る-しきる	칸막이하다, 도맡아 처리하다
n1-1155-資金-しきん	자금
n1-1157-しくじる-しくじる	실수하다, 실패하다
n1-1159-死刑-しけい	사형
n1-1161-施行-しこう	시행
n1-1169-自在-じざい	자유자재
n1-1170-視察-しさつ	시찰
n1-1171-資産-しさん	자산
n1-1174-自首-じしゅ	자수
n1-1177-辞職-じしょく	사직
n1-1178-雫-しずく	물방울
n1-1181-施設-しせつ	시설
n1-1184-持続-じぞく	지속
n1-1185-自尊心-じそんしん	자존심
n1-1187-下心-したごころ	속셈, 흑심
n1-1188-下地-したじ	바탕, 기초; 소질
n1-1195-仰ぐ-あおぐ	우러러보다; 청하다
n1-1198-明かす-あかす	밝히다; (밤을) 새우다
n1-1200-上がり-あがり	오름; 수입; 마무리
n1-1202-アクセル-アクセル	액셀러레이터, 가속 페달
n1-1205-憧れ-あこがれ	동경, 그리움
n1-1208-浅ましい-あさましい	비열하다, 한심하다
n1-1210-鮮やか-あざやか	선명함, 산뜻함
n1-1213-味わい-あじわい	맛, 정취
n1-1216-値-あたい	값, 가치
n1-1219-扱い-あつかい	취급, 다룸
n1-1221-あっさり-あっさり	산뜻하게, 깔끔하게; 시원스럽게
n1-1222-斡旋-あっせん	알선, 주선
n1-1224-圧迫-あっぱく	압박
n1-1225-あつらえる-あつらえる	주문하다, 맞추다
n1-1226-圧力-あつりょく	압력
n1-1227-当て-あて	기대; 목표, 의지할 곳
n1-1232-油絵-あぶらえ	유화
n1-1234-あべこべ-あべこべ	거꾸로, 반대
n1-1236-雨具-あまぐ	우비, 비옷
n1-1237-甘口-あまくち	단맛(이 나는 것)
n1-1240-操る-あやつる	조종하다, 다루다
n1-1243-過ち-あやまち	잘못, 실수
n1-1245-歩み-あゆみ	걸음; 발자취
n1-1248-荒らす-あらす	망치다, 휩쓸다
n1-1251-荒っぽい-あらっぽい	거칠다, 난폭하다
n1-1254-有り様-ありさま	모양, 형편, 꼴
n1-1256-ありふれる-ありふれる	흔하다, 평범하다
n1-1260-合わす-あわす	맞추다, 합치다
n1-1264-暗算-あんざん	암산
n1-1265-暗示-あんじ	암시
n1-1268-案の定-あんのじょう	아니나 다를까, 예상대로
n1-1270-言い訳-いいわけ	변명, 해명
n1-1272-家出-いえで	가출
n1-1275-いかにも-いかにも	정말, 과연
n1-1276-異議-いぎ	이의, 반대
n1-1277-生き甲斐-いきがい	삶의 보람
n1-1278-行き違い-いきちがい	엇갈림, 오해
n1-1280-育成-いくせい	육성, 양성
n1-1281-幾多-いくた	수많음, 허다함
n1-1283-異見-いけん	이견, 다른 의견
n1-1284-意向-いこう	의향, 의도
n1-1285-移行-いこう	이행, 옮겨 감
n1-1286-いざ-いざ	막상; 자, 어서
n1-1287-移住-いじゅう	이주, 이민
n1-1288-衣装-いしょう	의상
n1-1290-異性-いせい	이성(異性)
n1-1292-依存-いぞん	의존
n1-1294-いたって-いたって	매우, 지극히
n1-1295-出世-しゅっせ	출세
n1-1297-出動-しゅつどう	출동
n1-1298-出費-しゅっぴ	지출, 출비
n1-1299-出品-しゅっぴん	출품
n1-1300-主導-しゅどう	주도
n1-1302-首脳-しゅのう	수뇌, 지도자
n1-1303-守備-しゅび	수비
n1-1304-手法-しゅほう	기법, 수법
n1-1305-樹木-じゅもく	수목, 나무
n1-1308-準じる-じゅんじる	준하다, 따르다
n1-1314-上演-じょうえん	상연
n1-1315-城下-じょうか	성 아래, 성하
n1-1316-消去-しょうきょ	소거, 지움
n1-1317-上空-じょうくう	상공
n1-1319-証言-しょうげん	증언
n1-1320-証拠-しょうこ	증거
n1-1321-照合-しょうごう	대조, 조회
n1-1322-詳細-しょうさい	상세, 자세함
n1-1323-上昇-じょうしょう	상승
n1-1324-昇進-しょうしん	승진
n1-1327-消息-しょうそく	소식, 동정
n1-1328-承諾-しょうだく	승낙
n1-1380-心情-しんじょう	심정
n1-1381-新人-しんじん	신인, 신참
n1-1384-真相-しんそう	진상
n1-1385-迅速-じんそく	신속함
n1-1386-人体-じんたい	인체
n1-1387-新築-しんちく	신축
n1-1388-心中-しんじゅう	정사(情死), 동반 자살
n1-1389-進呈-しんてい	증정, 드림
n1-1390-進展-しんてん	진전
n1-1392-進度-しんど	진도
n1-1395-信任-しんにん	신임
n1-1397-辛抱-しんぼう	참음, 인내
n1-1398-人民-じんみん	인민
n1-1399-侵略-しんりゃく	침략
n1-1400-診療-しんりょう	진료
n1-1401-粋-すい	정수; 세련됨, 멋
n1-1403-推進-すいしん	추진
n1-1404-吹奏-すいそう	취주, 관악 연주
n1-1408-数詞-すうし	수사(數詞)
n1-1411-据える-すえる	(자리에) 앉히다, 놓다
n1-1413-救い-すくい	구원, 도움
n1-1415-健やか-すこやか	건강함, 튼튼함
n1-1417-進み-すすみ	나아감, 진행
n1-1428-スプリング-スプリング	스프링, 용수철
n1-1432-澄ます-すます	맑게 하다; (귀를) 기울이다
n1-1433-清ます-すます	맑게 하다; (귀를) 기울이다
n1-1436-スラックス-スラックス	슬랙스, 바지
n1-1425-すばしこい-すばしこい	재빠르다, 날쌔다
n1-1330-情緒-じょうしょ	정서, 감정
n1-1329-情緒-じょうちょ	정서, 감정
n1-1440-すれちがい-すれちがい	스쳐 지나감; 엇갈림
n1-1443-生育-せいいく	생육, 성장
n1-1444-成育-せいいく	생육, 성장
n1-1445-成果-せいか	성과
n1-1446-正解-せいかい	정답
n1-1447-正義-せいぎ	정의(正義)
n1-1449-政権-せいけん	정권
n1-1451-制裁-せいさい	제재
n1-1452-政策-せいさく	정책
n1-1453-生死-せいし	생사
n1-1454-静止-せいし	정지, 멈춰 있음
n1-1461-制する-せいする	제압하다, 제어하다
n1-1463-盛装-せいそう	성장(盛裝), 차려입음
n1-1464-盛大-せいだい	성대함
n1-1466-制定-せいてい	제정
n1-1468-製鉄-せいてつ	제철
n1-1469-晴天-せいてん	맑은 날씨, 청천
n1-1470-正当-せいとう	정당함
n1-1471-制服-せいふく	제복, 교복
n1-1473-製法-せいほう	제법, 만드는 법
n1-1474-精密-せいみつ	정밀함
n1-1475-税務署-ぜいむしょ	세무서
n1-1476-制約-せいやく	제약
n1-1477-勢力-せいりょく	세력
n1-1485-世帯-せたい	세대, 가구
n1-1486-是正-ぜせい	시정, 바로잡음
n1-1487-世代-せだい	세대
n1-1490-切実-せつじつ	절실함
n1-1491-接触-せっしょく	접촉
n1-1493-設置-せっち	설치
n1-1494-折衷-せっちゅう	절충
n1-1495-設定-せってい	설정
n1-1497-切ない-せつない	애달프다, 안타깝다
n1-1499-設立-せつりつ	설립
n1-1503-世論-せろん	여론
n1-1507-宣教-せんきょう	선교
n1-1509-戦災-せんさい	전재(전쟁 피해)
n1-1526-占領-せんりょう	점령
n1-1530-相応-そうおう	걸맞음, 상응
n1-1531-総会-そうかい	총회
n1-1536-増強-ぞうきょう	증강
n1-1537-送金-そうきん	송금
n1-1538-走行-そうこう	주행
n1-1543-増進-ぞうしん	증진
n1-1544-相対-そうたい	상대(相對), 상대적임
n1-1545-壮大-そうだい	웅장함, 장대함
n1-1548-相場-そうば	시세, 시장 가격
n1-1550-創立-そうりつ	창립
n1-1552-ソース-ソース	소스; 출처
n1-1553-即座に-そくざに	즉석에서, 즉시
n1-1554-促進-そくしん	촉진
n1-1556-束縛-そくばく	속박
n1-1558-損う-そこなう	해치다, 손상시키다
n1-1560-素材-そざい	소재, 재료
n1-1561-阻止-そし	저지
n1-1563-育ち-そだち	자람, 성장
n1-1564-措置-そち	조치
n1-1566-素っ気無い-そっけない	쌀쌀맞다, 무뚝뚝하다
n1-1567-外方-そっぽ	외면, 딴 쪽
n1-1571-聳える-そびえる	우뚝 솟다
n1-1572-素朴-そぼく	소박함
n1-1573-背く-そむく	등지다, 어기다
n1-1575-染める-そめる	물들이다, 염색하다
n1-1576-そらす-そらす	(시선·방향을) 딴 데로 돌리다; 휘다
n1-1581-揃い-そろい	갖춰짐, 한 벌
n1-1587-大家-たいか	대가; 명문가
n1-1590-体格-たいかく	체격
n1-1591-大金-たいきん	거금, 큰돈
n1-1592-待遇-たいぐう	대우, 처우
n1-1593-対決-たいけつ	대결
n1-1594-体験-たいけん	체험
n1-1595-対抗-たいこう	대항
n1-1597-大衆-たいしゅう	대중
n1-1599-退職-たいしょく	퇴직
n1-1601-態勢-たいせい	태세, 자세
n1-1602-対談-たいだん	대담
n1-1605-台無し-だいなし	엉망이 됨, 망쳐짐
n1-1609-大部-たいぶ	대부분; 방대함
n1-1612-待望-たいぼう	대망, 고대함
n1-1613-台本-だいほん	대본, 각본
n1-1615-怠慢-たいまん	태만
n1-1619-対面-たいめん	대면, 마주봄
n1-1620-代用-だいよう	대용
n1-1621-体力-たいりょく	체력
n1-1628-打開-だかい	타개
n1-1629-焚火-たきび	모닥불
n1-1631-たくましい-たくましい	늠름하다, 다부지다
n1-1632-巧み-たくみ	교묘함, 솜씨 좋음
n1-1636-駄作-ださく	졸작
n1-1637-足し算-たしざん	덧셈
n1-1638-多数決-たすうけつ	다수결
n1-1642-立ち去る-たちさる	떠나가다, 자리를 뜨다
n1-1663-魂-たましい	혼, 영혼
n1-1664-溜まり-たまり	고임; 집합 장소
n1-1669-だるい-だるい	나른하다, 노곤하다
n1-1670-弛み-たるみ	느슨함, 처짐
n1-1672-垂れる-たれる	늘어지다; 떨어지다
n1-1673-タレント-タレント	탤런트, 연예인
n1-1675-単一-たんいつ	단일
n1-1677-担架-たんか	들것
n1-1678-短気-たんき	급한 성미, 성급함
n1-1679-団結-だんけつ	단결
n1-1681-断言-だんげん	단언
n1-1682-短縮-たんしゅく	단축
n1-1683-断然-だんぜん	단연, 단호히
n1-1685-短大-たんだい	단기대학, 전문대
n1-1687-単独-たんどく	단독
n1-1688-旦那-だんな	주인, 남편(서방님)
n1-1689-短波-たんぱ	단파
n1-1692-断面-だんめん	단면
n1-1694-治安-ちあん	치안
n1-1696-チェンジ-チェンジ	체인지, 교체
n1-1697-違える-ちがえる	다르게 하다; (삐끗) 접질리다
n1-1699-畜生-ちくしょう	짐승; 제기랄
n1-1700-蓄積-ちくせき	축적
n1-1702-知性-ちせい	지성
n1-1703-乳-ちち	젖, 유방
n1-1705-秩序-ちつじょ	질서
n1-1708-着手-ちゃくしゅ	착수
n1-1709-着色-ちゃくしょく	착색, 색칠
n1-1710-着席-ちゃくせき	착석
n1-1711-着目-ちゃくもく	착안, 주목
n1-1712-着陸-ちゃくりく	착륙
n1-1714-茶の間-ちゃのま	(일본식) 거실, 다실
n1-1715-茶の湯-ちゃのゆ	다도
n1-1716-ちやほや-ちやほや	치켜세움, 떠받듦
n1-1723-抽選-ちゅうせん	추첨
n1-1724-中断-ちゅうだん	중단
n1-1733-調印-ちょういん	조인, 서명 날인
n1-1736-聴講-ちょうこう	청강
n1-1737-徴収-ちょうしゅう	징수
n1-1742-重宝-ちょうほう	요긴함, 편리함
n1-1746-直面-ちょくめん	직면
n1-1747-著書-ちょしょ	저서
n1-1750-著名-ちょめい	저명함, 유명함
n1-1755-沈殿-ちんでん	침전
n1-1756-沈没-ちんぼつ	침몰
n1-1758-陳列-ちんれつ	진열
n1-1759-追及-ついきゅう	추궁
n1-1762-費やす-ついやす	소비하다, (시간·돈을) 들이다
n1-1763-墜落-ついらく	추락
n1-1765-通常-つうじょう	통상, 보통
n1-1766-痛切-つうせつ	통절함, 절실함
n1-1768-使い道-つかいみち	용도, 쓸모
n1-1769-仕える-つかえる	섬기다, 모시다
n1-1770-司る-つかさどる	맡아 다스리다, 관장하다
n1-1772-月並-つきなみ	평범함, 진부함
n1-1775-尽くす-つくす	다하다, 애쓰다
n1-1777-作り-つくり	만듦새, 구조; 체격
n1-1778-造り-つくり	만듦새, 구조; 체격
n1-1779-繕う-つくろう	깁다, 손질하다; 둘러대다
n1-1780-付け加える-つけくわえる	덧붙이다, 첨가하다
n1-1783-筒-つつ	통, 대롱
n1-1784-突く-つつく	찌르다, 쿡쿡 찌르다
n1-1785-突っ突く-つっつく	쿡쿡 찌르다, 들쑤시다
n1-1790-努めて-つとめて	되도록, 애써
n1-1793-角-つの	뿔
n1-1794-募る-つのる	모으다; (점점) 심해지다
n1-1797-つぶら-つぶら	동그람, 또렷함
n1-1799-壷-つぼ	항아리, 단지
n1-1802-貫く-つらぬく	꿰뚫다, 관철하다
n1-1803-連ねる-つらねる	늘어놓다, 나란히 하다
n1-1805-吊り革-つりかわ	(전철) 손잡이
n1-1806-手当-てあて	수당; 처치, 치료
n1-1810-体裁-ていさい	체재, 겉모양, 체면
n1-1811-提示-ていじ	제시
n1-1813-定食-ていしょく	정식(定食)
n1-1814-訂正-ていせい	정정, 바로잡음
n1-1815-停滞-ていたい	정체
n1-1816-邸宅-ていたく	저택
n1-1817-定年-ていねん	정년
n1-1818-堤防-ていぼう	제방, 둑
n1-1821-手掛かり-てがかり	단서, 실마리
n1-1823-手数-てかず	수고, 폐
n1-1833-手数-てすう	수고, 폐
n1-1825-適応-てきおう	적응
n1-1826-適宜-てきぎ	적절함, 형편에 따름
n1-1828-できもの-できもの	부스럼, 종기
n1-1829-手際-てぎわ	솜씨, 수완
n1-1830-出くわす-でくわす	맞닥뜨리다, 우연히 만나다
n1-1831-手順-てじゅん	순서, 절차
n1-1835-手近-てぢか	가까움, 손쉬움
n1-1836-てっきり-てっきり	틀림없이, 영락없이
n1-1839-徹する-てっする	철저히 하다, 일관하다
n1-1842-出直し-でなおし	다시 시작함, 재출발
n1-1844-手配-てはい	수배; 준비, 채비
n1-1845-手筈-てはず	절차, 채비
n1-1846-手引-てびき	안내, 입문(서)
n1-1847-手本-てほん	본보기, 모범
n1-1848-手回し-てまわし	준비, 채비; 손으로 돌림
n1-1849-手元-てもと	수중, 손 가까이
n1-1851-照り返す-てりかえす	반사하다, 되비치다
n1-1856-天下-てんか	천하, 온 세상
n1-1857-転回-てんかい	전회, 방향 전환
n1-1855-田園-でんえん	전원, 시골
n1-1862-レンタカー-レンタカー	렌터카
n1-1863-連中-れんちゅう	패거리, 무리
n1-1866-連盟-れんめい	연맹
n1-1869-浪費-ろうひ	낭비
n1-1870-労力-ろうりょく	노력, 품
n1-1874-露骨-ろこつ	노골적임
n1-1879-技-わざ	기술, 재주
n1-1881-煩わしい-わずらわしい	번거롭다, 성가시다
n1-1884-詫び-わび	사과, 사죄
n1-1885-和文-わぶん	일본어 글, 일문
n1-1891-我-われ	나, 자신
n1-1896-剥ぐ-はぐ	벗기다, 뜯어내다
n1-1898-薄弱-はくじゃく	박약함, 미약함
n1-1900-漠然-ばくぜん	막연함
n1-1904-励ます-はげます	격려하다, 북돋우다
n1-1908-派遣-はけん	파견
n1-1913-恥じる-はじる	부끄러워하다
n1-1916-破損-はそん	파손
n1-1917-叩く-はたく	두드리다, 털다
n1-1922-罰-ばつ	벌, 처벌
n1-1923-発育-はついく	발육, 성장
n1-1926-発言-はつげん	발언
n1-1928-発生-はっせい	발생
n1-1930-下取り-したどり	보상 판매(중고 교환)
n1-1931-下火-したび	기세가 꺾임, 한풀 꺾임
n1-1947-実費-じっぴ	실비, 실제 비용
n1-1949-自転-じてん	자전
n1-1952-萎びる-しなびる	시들다, 쪼그라들다
n1-1955-屎尿-しにょう	분뇨
n1-1956-地主-じぬし	지주, 땅 주인
n1-1961-私物-しぶつ	사물(私物), 개인 물품
n1-1965-染みる-しみる	스미다, 배다
n1-1966-使命-しめい	사명, 임무
n1-1970-社交-しゃこう	사교
n1-1974-若干-じゃっかん	약간, 다소
n1-1975-三味線-しゃみせん	샤미센(일본 현악기)
n1-1980-ジャンプ-ジャンプ	점프
n1-1983-主-しゅ	주인, 임자; 주(主)
n1-1984-種-しゅ	종(種), 종류
n1-1985-私有-しゆう	사유, 개인 소유
n1-1987-収益-しゅうえき	수익
n1-1988-修学-しゅうがく	수학(修學), 학업
n1-1991-就業-しゅうぎょう	취업, 근무
n1-1992-従業員-じゅうぎょういん	종업원
n1-1994-襲撃-しゅうげき	습격
n1-1995-収支-しゅうし	수지, 수입과 지출
n1-1996-終始-しゅうし	시종, 처음부터 끝까지
n1-1997-修士-しゅうし	석사
n1-1998-従事-じゅうじ	종사
n1-1999-終日-しゅうじつ	종일, 하루 종일
n1-2000-充実-じゅうじつ	충실, 알참
n1-2003-執着-しゅうじゃく	집착
n1-2004-執着-しゅうちゃく	집착
n1-2007-収容-しゅうよう	수용
n1-2008-従来-じゅうらい	종래, 지금까지
n1-2009-守衛-しゅえい	수위, 경비원
n1-2010-主演-しゅえん	주연
n1-2011-主観-しゅかん	주관
n1-2018-主催-しゅさい	주최
n1-2019-取材-しゅざい	취재
n1-2020-趣旨-しゅし	취지
n1-2021-種々-しゅじゅ	여러 가지, 갖가지
n1-2025-主題-しゅだい	주제
n1-2028-出現-しゅつげん	출현
n1-2030-出社-しゅっしゃ	출근, 회사에 나옴
n1-2034-昼飯-ひるめし	점심밥
n1-2038-貧困-ひんこん	빈곤
n1-2039-品質-ひんしつ	품질
n1-2040-貧弱-ひんじゃく	빈약함
n1-2041-品種-ひんしゅ	품종
n1-2043-頻繁-ひんぱん	빈번함
n1-2044-貧乏-びんぼう	가난, 빈곤
n1-2045-ファイト-ファイト	파이팅, 투지
n1-2048-不意-ふい	갑작스러움, 불시
n1-2050-封-ふう	봉(封), 봉함
n1-2053-風習-ふうしゅう	풍습
n1-2054-風俗-ふうぞく	풍속
n1-2056-風土-ふうど	풍토
n1-2060-不可欠-ふかけつ	불가결, 필수
n1-2063-不況-ふきょう	불황
n1-2064-布巾-ふきん	행주
n1-2065-複合-ふくごう	복합
n1-2071-老ける-ふける	(나이 들어) 늙다
n1-2073-布告-ふこく	포고, 선포
n1-2076-不在-ふざい	부재, 자리에 없음
n1-2078-不順-ふじゅん	불순(不順), 고르지 못함
n1-2083-武装-ぶそう	무장
n1-2084-札-ふだ	표, 패, 부적
n1-2086-不調-ふちょう	부진, 컨디션 난조
n1-2087-復活-ふっかつ	부활
n1-2090-復興-ふっこう	부흥, 재건
n1-2094-沸騰-ふっとう	비등, 끓어오름
n1-2095-不当-ふとう	부당함
n1-2097-無難-ぶなん	무난함
n1-2098-赴任-ふにん	부임
n1-2099-腐敗-ふはい	부패
n1-2100-不評-ふひょう	악평, 평이 나쁨
n1-2104-踏み込む-ふみこむ	발을 들이다, 깊이 파고들다
n1-2105-不明-ふめい	불명, 분명하지 않음
n1-2107-扶養-ふよう	부양
n1-2110-振り返る-ふりかえる	뒤돌아보다, 회고하다
n1-2112-不良-ふりょう	불량
n1-2114-武力-ぶりょく	무력
n1-2118-付録-ふろく	부록
n1-2119-フロント-フロント	프런트; 정면
n1-2120-憤慨-ふんがい	분개
n1-2123-文語-ぶんご	문어(文語), 문어체
n1-2126-紛失-ふんしつ	분실
n1-2128-文書-ぶんしょ	문서
n1-2129-紛争-ふんそう	분쟁
n1-2133-分配-ぶんぱい	분배
n1-2135-粉末-ふんまつ	분말, 가루
n1-2137-分裂-ぶんれつ	분열
n1-2139-兵器-へいき	병기, 무기
n1-2140-閉口-へいこう	질림, 손듦
n1-2141-閉鎖-へいさ	폐쇄
n1-2143-平常-へいじょう	평상, 평소
n1-2145-並列-へいれつ	병렬
n1-2146-ベース-ベース	베이스; 기지
n1-2154-弁解-べんかい	변명, 해명
n1-2156-返還-へんかん	반환, 돌려줌
n1-2157-便宜-べんぎ	편의
n1-2158-偏見-へんけん	편견
n1-2159-弁護-べんご	변호
n1-2162-変遷-へんせん	변천
n1-2163-返答-へんとう	대답, 응답
n1-2164-変動-へんどう	변동
n1-2165-弁論-べんろん	변론
n1-2166-穂-ほ	이삭
n1-2167-保育-ほいく	보육
n1-2170-法案-ほうあん	법안
n1-2171-防衛-ぼうえい	방위
n1-2174-妨害-ぼうがい	방해
n1-2175-法学-ほうがく	법학
n1-2178-方策-ほうさく	방책, 대책
n1-2179-奉仕-ほうし	봉사
n1-2180-方式-ほうしき	방식
n1-2183-報酬-ほうしゅう	보수, 보상
n1-2184-放出-ほうしゅつ	방출
n1-2190-膨張-ぼうちょう	팽창
n1-2192-報道-ほうどう	보도
n1-2193-冒頭-ぼうとう	서두, 첫머리
n1-2195-褒美-ほうび	포상, 상
n1-2196-暴風-ぼうふう	폭풍, 폭풍우
n1-2197-葬る-ほうむる	장사 지내다, 묻다
n1-2203-ポーズ-ポーズ	포즈; 일시정지
n1-2206-捕獲-ほかく	포획
n1-2207-保管-ほかん	보관
n1-2209-補強-ほきょう	보강
n1-2211-牧師-ぼくし	목사
n1-2216-母国-ぼこく	모국
n1-2221-干し物-ほしもの	빨래(널어 말리는 것)
n1-2224-補助-ほじょ	보조
n1-2225-舗装-ほそう	포장(도로)
n1-2226-補足-ほそく	보충, 보완
n1-2228-発作-ほっさ	발작
n1-2230-発足-ほっそく	발족, 출범
n1-2233-ぼつぼつ-ぼつぼつ	슬슬; 군데군데
n1-2234-没落-ぼつらく	몰락
n1-2236-施す-ほどこす	베풀다; (조치를) 취하다
n1-2240-保養-ほよう	보양, 휴양
n1-2245-本格-ほんかく	본격(적임)
n1-2247-本気-ほんき	진심, 진지함
n1-2249-本質-ほんしつ	본질
n1-2250-本体-ほんたい	본체
n1-2251-本音-ほんね	본심, 속내
n1-2253-本場-ほんば	본고장
n1-2255-本文-ほんぶん	본문
n1-2256-本名-ほんみょう	본명
n1-2257-マーク-マーク	마크, 표시
n1-2263-前売-まえうり	예매
n1-2264-前置き-まえおき	서두, 머리말
n1-2265-任す-まかす	맡기다
n1-2266-負かす-まかす	이기다, 무찌르다
n1-2268-紛らわしい-まぎらわしい	헷갈리기 쉽다, 혼동하기 쉽다
n1-2272-誠-まこと	진실, 성실
n1-2274-まさしく-まさしく	틀림없이, 바로
n1-2283-待ち合わせ-まちあわせ	(약속하여) 만남
n1-2289-まと-まと	과녁, 표적
n1-2290-纏まり-まとまり	정리됨, 통일성, 짜임새
n1-2291-纏め-まとめ	정리, 종합
n1-2310-見合わせる-みあわせる	(서로) 마주 보다; 보류하다
n1-2311-見落とす-みおとす	간과하다, 못 보고 놓치다
n1-2302-丸める-まるめる	둥글게 하다, 둥글리다
n1-2303-満月-まんげつ	보름달
n1-2304-満場-まんじょう	만장, 회장 전체
n1-2307-真ん円い-まんまるい	동그랗다, 둥글다
n1-2309-見合い-みあい	맞선
n1-2324-見せびらかす-みせびらかす	과시하다, 뽐내다
n1-2325-見せ物-みせもの	구경거리, 볼거리
n1-2326-溝-みぞ	도랑, 홈; (관계의) 골
n1-2331-身近-みぢか	신변, 가까움, 친근함
n1-2333-密集-みっしゅう	밀집
n1-2334-密接-みっせつ	밀접함
n1-2336-見積もり-みつもり	견적
n1-2338-見通し-みとおし	전망, 예측; 내다봄
n1-2339-見なす-みなす	간주하다, 여기다
n1-2340-源-みなもと	근원, 원천
n1-2341-見習う-みならう	본받다, 보고 배우다
n1-2342-身なり-みなり	옷차림, 행색
n1-2350-脈-みゃく	맥, 맥박
n1-2355-民族-みんぞく	민족
n1-2357-無意味-むいみ	무의미함
n1-2361-無効-むこう	무효
n1-2364-むしる-むしる	쥐어뜯다, 잡아 뽑다
n1-2365-結び-むすび	맺음, 매듭; 결말
n1-2369-無線-むせん	무선
n1-2371-無断-むだん	무단
n1-2374-無茶苦茶-むちゃくちゃ	엉망진창, 터무니없음
n1-2375-空しい-むなしい	허무하다, 헛되다
n1-2376-無念-むねん	분함, 원통함
n1-2379-無用-むよう	쓸데없음, 필요 없음
n1-2380-斑-むら	얼룩, 고르지 못함
n1-2381-群がる-むらがる	떼지어 모이다, 무리 짓다
n1-2382-無論-むろん	물론
n1-2384-名称-めいしょう	명칭
n1-2385-命中-めいちゅう	명중
n1-2388-名誉-めいよ	명예
n1-2390-明朗-めいろう	명랑함; 명료함
n1-2392-目方-めかた	무게, 중량
n1-2393-恵み-めぐみ	은혜, 베풂
n1-2395-目覚しい-めざましい	눈부시다, 놀랍다
n1-2397-召す-めす	드시다/입으시다(높임말)
n1-2398-雌-めす	암컷
n1-2400-滅亡-めつぼう	멸망
n1-2402-目途-めど	목표, 전망, 가망
n1-2403-目盛-めもり	눈금
n1-2405-面会-めんかい	면회
n1-2408-面目-めんぼく	체면, 면목
n1-2409-面目-めんもく	체면, 면목
n1-2412-申し入れる-もうしいれる	(정식으로) 제의하다, 신청하다
n1-2413-申込-もうしこみ	신청, 신청서
n1-2414-申出-もうしで	신청, 제의
n1-2415-申し出る-もうしでる	(자진해서) 신청하다, 제의하다
n1-2416-申し分-もうしぶん	흠잡을 데; 나무랄 데
n1-2418-猛烈-もうれつ	맹렬함
n1-2422-目論見-もくろみ	계획, 속셈
n1-2438-模倣-もほう	모방
n1-2439-もめる-もめる	옥신각신하다, 분쟁이 일다
n1-2440-股-もも	넓적다리, 허벅지
n1-2442-催す-もよおす	개최하다; (기운을) 느끼다
n1-2443-漏らす-もらす	흘리다, 누설하다
n1-2444-盛り上がる-もりあがる	부풀어 오르다; (분위기가) 고조되다
n1-2445-漏る-もる	(물이) 새다
n1-2447-脆い-もろい	무르다, 부서지기 쉽다
n1-2454-役場-やくば	관청, 사무소
n1-2457-養う-やしなう	기르다, 부양하다
n1-2458-野心-やしん	야심
n1-2461-野生-やせい	야생
n1-2463-闇-やみ	어둠; 암거래
n1-2464-病む-やむ	병들다, 앓다
n1-2465-ややこしい-ややこしい	복잡하다, 까다롭다
n1-2468-和らげる-やわらげる	누그러뜨리다, 완화하다
n1-2471-優位-ゆうい	우위
n1-2472-憂鬱-ゆううつ	우울함
n1-2477-融資-ゆうし	융자
n1-2481-誘導-ゆうどう	유도, 이끎
n1-2482-融通-ゆうずう	융통; 융통성
n1-2487-有力-ゆうりょく	유력함
n1-2489-誘惑-ゆうわく	유혹
n1-2490-故-ゆえ	까닭, 이유
n1-2492-揺さぶる-ゆさぶる	뒤흔들다, 동요시키다
n1-2496-ユニフォーム-ユニフォーム	유니폼
n1-2498-弓-ゆみ	활
n1-2499-揺らぐ-ゆらぐ	흔들리다, 동요하다
n1-2506-養護-ようご	양호, 보호
n1-2543-来場-らいじょう	(행사장에) 옴, 참석
n2-0232-埋める-うめる	묻다, 메우다
n4-0013-意見-いけん	의견
n4-0181-調べる-しらべる	조사하다, 알아보다
n4-0200-事-こと	일, 것
n3-0477-得る-える	얻다, 획득하다
n2-1332-採る-とる	채택하다; (열매를) 따다
n2-1501-引っ越し-ひっこし	이사
n2-1535-広げる-ひろげる	넓히다, 펼치다
n1-0301-同等-どうとう	동등함
n1-0599-動き-うごき	움직임, 동향
n1-1144-動向-どうこう	동향
n1-1165-事項-じこう	사항, 항목
n1-1434-済ます-すます	끝마치다, 해결하다
n1-2345-見逃す-みのがす	놓치다, 못 보고 지나치다
n1-2427-もたらす-もたらす	가져오다, 초래하다
